PassengerId,Name,Pclass,Sex,Age,SibSp,Parch,Fare,Embarked,actual,predicted,probability,error_type,distance_to_threshold
298,"Allison, Miss. Helen Loraine",1,female,2.0,1,2,151.55,S,1,0,0.03158221747459166,FN,0.46841778252540833
42,"Turpin, Mrs. William John Robert (Dorothy Ann Wonnacott)",2,female,27.0,1,0,21.0,S,1,0,0.18733997803184646,FN,0.31266002196815357
313,"Lahtinen, Mrs. William (Anna Sylfven)",2,female,26.0,1,1,26.0,S,1,0,0.19680304573869872,FN,0.3031969542613013
358,"Funk, Miss. Annie Clemmer",2,female,38.0,0,0,13.0,S,1,0,0.21387008426558216,FN,0.2861299157344178
374,"Ringhini, Mr. Sante",1,male,22.0,0,0,135.6333,C,1,0,0.2814023038787766,FN,0.21859769612122337
420,"Van Impe, Miss. Catharina",3,female,10.0,0,2,24.15,S,1,0,0.28580993669068727,FN,0.21419006330931273
405,"Oreskovic, Miss. Marija",3,female,20.0,0,0,8.6625,S,1,0,0.3328614401045801,FN,0.16713855989541992
773,"Mack, Mrs. (Mary)",2,female,57.0,0,0,10.5,S,1,0,0.37773931718480586,FN,0.12226068281519414
658,"Bourke, Mrs. John (Catherine)",3,female,32.0,1,1,15.5,Q,1,0,0.4271020946422046,FN,0.07289790535779539
794,"Hoyt, Mr. William Fisher",1,male,,0,0,30.6958,C,1,0,0.43495011223452834,FN,0.06504988776547166
296,"Lewy, Mr. Ervin G",1,male,,0,0,27.7208,C,1,0,0.4357081633386996,FN,0.0642918366613004
749,"Marvin, Mr. Daniel Warner",1,male,19.0,1,0,53.1,S,1,0,0.45646968238165486,FN,0.04353031761834514
84,"Carrau, Mr. Francisco M",1,male,28.0,0,0,47.1,S,1,0,0.47621468620686075,FN,0.02378531379313925
236,"Harknett, Miss. Alice Phoebe",3,female,,0,0,7.55,S,1,0,0.48928954610739456,FN,0.010710453892605443
363,"Barbara, Mrs. (Catherine David)",3,female,45.0,0,1,14.4542,C,1,0,0.49043799515773795,FN,0.00956200484226205
120,"Andersson, Miss. Ellis Anna Maria",3,female,2.0,4,2,31.275,S,1,0,0.49080791897319737,FN,0.009192081026802634
299,"Saalfeld, Mr. Adolphe",1,male,,0,0,30.5,S,0,1,0.5588309157579046,FP,0.058830915757904556
280,"Abbott, Mrs. Stanton (Rosa Hunt)",3,female,35.0,1,1,20.25,S,0,1,0.583802231041727,FP,0.08380223104172702
550,"Davies, Master. John Morgan Jr",2,male,8.0,1,1,36.75,S,0,1,0.6158046327712313,FP,0.11580463277123132
600,"Duff Gordon, Sir. Cosmo Edmund (""Mr Morgan"")",1,male,49.0,1,0,56.9292,C,0,1,0.6426163917165414,FP,0.1426163917165414
26,"Asplund, Mrs. Carl Oscar (Selma Augusta Emilia Johansson)",3,female,38.0,1,5,31.3875,S,0,1,0.708124597971624,FP,0.20812459797162397
484,"Turkula, Mrs. (Hedwig)",3,female,63.0,0,0,9.5875,S,0,1,0.7529321490377459,FP,0.25293214903774586
289,"Hosono, Mr. Masabumi",2,male,42.0,0,0,13.0,S,0,1,0.8196368244842389,FP,0.3196368244842389
490,"Coutts, Master. Eden Leslie ""Neville""",3,male,9.0,1,1,15.9,S,0,1,0.869368180900074,FP,0.36936818090007395
147,"Andersson, Mr. August Edvard (""Wennerstrom"")",3,male,27.0,0,0,7.7958,S,0,1,0.9044421098513484,FP,0.40444210985134843
805,"Hedman, Mr. Oskar Arvid",3,male,27.0,0,0,6.975,S,0,1,0.9045156177014144,FP,0.4045156177014144
665,"Lindqvist, Mr. Eino William",3,male,20.0,1,0,7.925,S,0,1,0.9053840148688049,FP,0.40538401486880493
82,"Sheerlinck, Mr. Jan Baptist",3,male,29.0,0,0,9.5,S,0,1,0.9113338263041942,FP,0.41133382630419424
710,"Moubarek, Master. Halim Gonios (""William George"")",3,male,,1,1,15.2458,C,0,1,0.9250201051155515,FP,0.42502010511555155
693,"Lam, Mr. Ali",3,male,,0,0,56.4958,S,0,1,0.9278173750381119,FP,0.4278173750381119
644,"Foo, Mr. Choong",3,male,,0,0,56.4958,S,0,1,0.9278173750381119,FP,0.4278173750381119
262,"Asplund, Master. Edvin Rojj Felix",3,male,3.0,4,2,31.3875,S,0,1,0.9341609863679683,FP,0.4341609863679683
415,"Sundman, Mr. Johan Julian",3,male,44.0,0,0,7.925,S,0,1,0.9508859023213737,FP,0.4508859023213737
339,"Dahl, Mr. Karl Edwart",3,male,45.0,0,0,8.05,S,0,1,0.9528095738271777,FP,0.4528095738271777
