Threshold,Precision,Recall,F1,Macro F1,FP,FN
0.05,0.6353111432706223,1.0,0.7769911504424779,0.4599241466498104,252,0
0.1,0.6723076923076923,0.9954441913439636,0.8025711662075299,0.5803900607157052,213,2
0.15,0.7043618739903069,0.9931662870159453,0.8241965973534972,0.6579999380210109,183,3
0.2,0.7269681742043551,0.9886104783599089,0.8378378378378378,0.7024240735580942,163,5
0.25,0.7460869565217392,0.9772209567198178,0.8461538461538461,0.7328330206378987,146,10
0.3,0.7576301615798923,0.9612756264236902,0.8473895582329317,0.746124685658522,135,17
0.35,0.770949720670391,0.9430523917995444,0.8483606557377049,0.759001756440281,123,25
0.4,0.7925636007827789,0.9225512528473804,0.8526315789473684,0.7786364645791695,106,34
0.45,0.8045267489711934,0.8906605922551253,0.8454054054054054,0.7794161295564102,95,48
0.5,0.8205128205128205,0.8747152619589977,0.8467475192943771,0.7889443592603413,84,55
0.55,0.8280542986425339,0.8337129840546698,0.8308740068104427,0.7782362667569709,76,73
0.6,0.8465227817745803,0.8041002277904328,0.8247663551401869,0.7803409240489667,64,86
0.65,0.8589743589743589,0.7630979498861048,0.8082026537997588,0.7704878815217281,55,104
0.7,0.8635097493036211,0.7061503416856492,0.7769423558897243,0.7462986539832008,49,129
0.75,0.8700906344410876,0.6560364464692483,0.7480519480519481,0.7257079312125183,43,151
0.8,0.869281045751634,0.6059225512528473,0.7140939597315437,0.7001986735329294,40,173
0.85,0.8909090909090909,0.5580865603644647,0.6862745098039216,0.6853907760287213,30,194
0.9,0.891566265060241,0.33712984054669703,0.48925619834710743,0.555983410528865,18,291
0.95,0.9714285714285714,0.0774487471526196,0.14345991561181434,0.3580457472795914,1,405
