PassengerId,fold,y_true,kNN,SVM,SVM decision,Сусіди клас 1,Відстані сусідів,Однакових сусідів (d=0),Age,SibSp,Parch,Fare,Pclass,Sex,Embarked,Правий
663,1,1,0,1,1.0117016911981205,5/11,"0.17, 0.17, 0.33, 0.40, 0.49, 0.71, 0.71, 0.86, 0.87, 0.94, 1.02",0,47.0,0,0,25.5875,1,male,S,SVM
378,4,1,0,1,0.531445403767691,4/11,"2.20, 2.78, 4.34, 4.53, 5.20, 5.24, 5.26, 5.38, 5.46, 5.59, 5.63",0,27.0,0,2,211.5,1,male,C,SVM
138,5,1,0,1,0.6549674609213068,4/11,"0.39, 0.40, 0.53, 0.75, 0.85, 0.87, 1.04, 1.26, 1.31, 1.44, 1.59",0,37.0,1,0,53.1,1,male,S,SVM
646,3,0,0,1,1.0213268534242743,4/11,"0.33, 0.76, 1.61, 2.07, 2.16, 2.21, 2.33, 2.33, 2.36, 2.42, 2.43",0,48.0,1,0,76.7292,1,male,C,kNN
807,1,1,0,1,0.9543027059221254,5/11,"0.08, 0.08, 0.56, 0.72, 0.72, 0.72, 0.80, 0.88, 0.96, 0.96, 1.33",0,39.0,0,0,0.0,1,male,S,SVM
247,4,1,1,0,-0.41770939258707074,6/11,"0.08, 0.10, 0.16, 0.16, 0.23, 0.24, 0.27, 0.29, 0.31, 0.40, 0.46",0,25.0,0,0,7.775,3,female,S,kNN
868,2,1,0,1,0.8343412735113225,4/11,"0.50, 0.53, 0.67, 0.67, 0.75, 0.82, 0.91, 0.99, 1.01, 1.23, 1.24",0,31.0,0,0,50.4958,1,male,S,SVM
24,4,0,0,1,0.844549586358113,4/11,"0.18, 0.53, 0.64, 0.72, 0.80, 0.80, 0.99, 1.26, 1.30, 1.37, 1.48",0,28.0,0,0,35.5,1,male,S,kNN
787,2,0,1,0,-0.12293129443208328,6/11,"0.01, 0.23, 0.31, 0.31, 0.34, 0.36, 0.38, 0.38, 0.53, 0.61, 0.69",0,18.0,0,0,7.4958,3,female,S,SVM
416,4,1,1,0,-0.5646482903425323,10/11,"0.00, 1.10, 2.00, 2.00, 2.00, 2.00, 2.00, 2.00, 2.00, 2.00, 2.00",1,,0,0,8.05,3,female,S,kNN
873,5,1,0,1,0.7653753384832467,5/11,"0.56, 0.61, 0.63, 0.69, 0.69, 0.84, 1.04, 1.14, 1.14, 1.37, 1.37",0,33.0,0,0,5.0,1,male,S,SVM
742,5,1,0,1,0.543308712318628,4/11,"0.39, 0.78, 0.85, 1.02, 1.03, 1.23, 1.48, 1.55, 1.92, 1.94, 2.07",0,36.0,1,0,78.85,1,male,S,SVM
573,3,0,0,1,0.9576431638277725,5/11,"0.00, 0.15, 0.45, 0.60, 0.67, 0.68, 0.70, 0.76, 0.77, 0.79, 0.84",0,36.0,0,0,26.3875,1,male,S,kNN
682,1,0,0,1,0.8652273642937951,5/11,"0.28, 1.14, 1.25, 1.38, 1.46, 1.81, 1.86, 1.92, 2.20, 2.35, 2.37",0,27.0,0,0,76.7292,1,male,C,kNN
448,5,0,0,1,0.7179845809033563,5/11,"0.08, 0.15, 0.16, 0.45, 0.61, 0.64, 0.74, 0.83, 0.83, 0.95, 1.00",0,34.0,0,0,26.55,1,male,S,kNN
141,4,1,1,0,-0.4456273122901848,7/11,"0.14, 2.15, 2.54, 2.66, 2.66, 3.10, 3.46, 3.46, 4.52, 4.65, 4.65",0,,0,2,15.2458,3,female,C,kNN
277,2,1,1,0,-0.5435163567462291,6/11,"0.64, 1.06, 1.07, 1.22, 1.28, 1.29, 1.36, 1.43, 1.51, 1.66, 1.66",0,45.0,0,0,7.75,3,female,S,kNN
424,2,1,0,1,0.035306826839226924,5/11,"0.33, 0.34, 1.00, 1.45, 1.60, 1.62, 1.73, 1.85, 1.88, 1.93, 1.96",0,28.0,1,1,14.4,3,female,S,SVM
537,3,1,0,1,1.024044639005102,5/11,"0.00, 0.17, 0.19, 0.22, 0.23, 0.30, 0.45, 0.61, 0.68, 0.68, 0.82",1,45.0,0,0,26.55,1,male,S,SVM
129,4,0,1,0,-0.46675792967329244,6/11,"1.41, 1.41, 2.19, 2.49, 2.49, 3.27, 3.38, 3.39, 3.94, 3.94, 4.20",0,,1,1,22.3583,3,female,C,SVM
672,5,1,0,1,0.5106736834384205,5/11,"0.11, 0.32, 0.83, 0.84, 0.97, 1.28, 1.35, 1.51, 1.52, 1.56, 1.73",0,31.0,1,0,52.0,1,male,S,SVM
31,2,1,0,1,0.8339825862409731,4/11,"0.06, 0.40, 0.65, 1.26, 1.35, 1.39, 1.53, 1.89, 2.16, 2.30, 2.33",0,40.0,0,0,27.7208,1,male,C,SVM
256,1,0,0,1,0.3182152350861651,5/11,"2.11, 2.18, 2.23, 2.41, 2.48, 2.61, 3.02, 3.18, 3.22, 3.44, 3.70",0,29.0,0,2,15.2458,3,female,C,kNN
453,2,1,0,1,0.5885050214191898,4/11,"0.20, 0.40, 0.81, 1.13, 1.41, 1.78, 1.83, 2.01, 2.04, 2.06, 2.10",0,30.0,0,0,27.75,1,male,C,SVM
856,3,0,1,0,-0.08497436481898579,7/11,"0.74, 1.22, 1.30, 1.52, 1.57, 1.58, 1.59, 1.60, 1.66, 1.72, 1.72",0,18.0,0,1,9.35,3,female,S,SVM
643,3,1,1,0,-0.12392623563732319,6/11,"0.52, 1.17, 1.53, 1.62, 1.85, 2.41, 2.60, 2.90, 3.39, 3.47, 3.98",0,2.0,3,2,27.9,3,female,S,kNN
551,2,0,1,0,-0.42048372768784303,7/11,"2.60, 2.62, 3.13, 3.51, 3.54, 3.65, 3.93, 4.19, 4.28, 4.33, 4.33",0,17.0,0,2,110.8833,1,male,C,SVM
12,1,0,1,0,-1.0696920848583522,6/11,"0.71, 0.79, 2.15, 2.15, 2.31, 2.31, 2.34, 2.40, 2.43, 2.54, 2.54",0,58.0,0,0,26.55,1,female,S,SVM
738,5,0,0,1,1.0265665961629555,3/11,"2.00, 8.40, 8.70, 9.22, 9.71, 10.04, 10.24, 10.31, 10.38, 10.53, 10.67",0,35.0,0,0,512.3292,1,male,C,kNN
584,2,1,0,1,0.7745363134689802,4/11,"0.33, 0.47, 0.48, 1.36, 1.54, 1.59, 1.63, 1.68, 1.85, 2.00, 2.25",0,36.0,0,0,40.125,1,male,C,SVM
20,1,0,1,0,-0.9456815751262786,9/11,"0.00, 1.04, 1.04, 2.00, 2.00, 2.00, 2.00, 2.00, 2.00, 2.00, 2.00",0,,0,0,7.225,3,female,C,SVM
608,5,0,0,1,0.4526916917172994,4/11,"0.16, 0.18, 0.69, 0.73, 0.76, 0.77, 1.22, 1.42, 1.44, 1.44, 1.46",0,27.0,0,0,30.5,1,male,S,kNN
264,4,1,0,1,0.9031304599390211,5/11,"0.08, 0.15, 0.64, 0.68, 0.83, 0.84, 0.91, 0.92, 0.92, 0.99, 1.05",0,40.0,0,0,0.0,1,male,S,SVM
783,4,1,0,1,0.8418393688517227,4/11,"0.16, 0.45, 0.53, 0.56, 0.61, 0.61, 0.81, 1.07, 1.29, 1.30, 1.30",0,29.0,0,0,30.0,1,male,S,SVM
454,5,0,0,1,0.5247422022395736,5/11,"0.34, 1.73, 1.77, 2.27, 2.34, 2.42, 2.61, 2.72, 2.79, 2.84, 2.85",0,49.0,1,0,89.1042,1,male,C,kNN
107,1,0,1,0,-0.09306427881180124,6/11,"0.08, 0.16, 0.16, 0.23, 0.23, 0.25, 0.31, 0.39, 0.47, 0.55, 0.72",0,21.0,0,0,7.65,3,female,S,SVM
558,4,1,0,1,1.4022467619290921,3/11,"3.76, 3.96, 4.00, 4.34, 4.56, 4.58, 5.23, 5.54, 5.72, 5.85, 5.85",0,,0,0,227.525,1,male,C,SVM
294,2,1,1,0,-0.16523626856366547,6/11,"0.09, 0.10, 0.10, 0.17, 0.17, 0.18, 0.18, 0.24, 0.25, 0.32, 0.47",0,24.0,0,0,8.85,3,female,S,kNN
702,3,0,0,1,0.9456623152821677,5/11,"0.07, 0.08, 0.52, 0.53, 0.59, 0.69, 0.71, 0.75, 0.77, 0.80, 0.84",0,35.0,0,0,26.2875,1,male,S,kNN
133,2,1,1,0,-0.3846815183624608,7/11,"0.62, 0.88, 1.61, 1.73, 1.76, 1.78, 2.05, 2.12, 2.20, 2.20, 2.21",0,47.0,1,0,14.5,3,female,S,kNN
781,2,0,1,0,-0.5647408446125348,6/11,"0.15, 0.44, 1.04, 1.13, 1.17, 1.78, 2.06, 2.09, 2.17, 2.39, 2.39",0,13.0,0,0,7.2292,3,female,C,SVM
432,4,0,1,0,-0.2220584072207572,8/11,"0.00, 1.10, 2.00, 2.01, 2.03, 2.03, 2.08, 2.08, 2.65, 2.72, 2.77",1,,1,0,16.1,3,female,S,SVM
333,5,1,0,1,0.7735183216286938,4/11,"2.93, 3.10, 3.19, 3.58, 3.60, 3.63, 3.91, 4.05, 4.07, 4.17, 4.20",0,38.0,0,1,153.4625,1,male,S,SVM
800,5,1,0,1,0.7443364164213986,5/11,"0.15, 0.36, 0.37, 1.41, 1.89, 1.93, 2.02, 2.11, 2.15, 2.28, 2.33",0,30.0,1,1,24.15,3,female,S,SVM
516,1,1,0,1,1.0064117942021733,5/11,"0.29, 0.29, 0.33, 0.45, 0.53, 0.68, 0.84, 0.87, 0.99, 1.00, 1.07",0,47.0,0,0,34.0208,1,male,S,SVM
504,1,1,1,0,-0.08252567810216416,6/11,"0.48, 0.50, 0.56, 0.60, 0.65, 0.80, 0.88, 0.96, 1.02, 1.11, 1.12",0,37.0,0,0,9.5875,3,female,S,kNN
775,1,0,0,1,0.45866306151003133,2/11,"2.96, 3.25, 3.31, 4.04, 4.47, 4.58, 4.63, 4.73, 4.86, 4.87, 4.95",0,54.0,1,3,23.0,2,female,S,kNN
340,1,1,0,1,0.9971155340514963,4/11,"0.17, 0.17, 0.40, 0.46, 0.63, 0.87, 0.87, 0.87, 0.95, 1.00, 1.02",0,45.0,0,0,35.5,1,male,S,SVM
535,2,1,1,0,-0.23721700355345887,6/11,"0.07, 0.08, 0.09, 0.16, 0.24, 0.32, 0.39, 0.54, 0.54, 0.55, 0.62",0,30.0,0,0,8.6625,3,female,S,kNN
475,1,1,1,0,-0.09316265806429325,6/11,"0.05, 0.11, 0.12, 0.17, 0.27, 0.35, 0.35, 0.35, 0.42, 0.64, 0.66",0,22.0,0,0,9.8375,3,female,S,kNN
371,5,0,0,1,0.022779044216428845,3/11,"0.80, 1.54, 1.91, 2.00, 2.09, 2.19, 2.20, 2.31, 2.48, 2.55, 2.59",0,25.0,1,0,55.4417,1,male,C,kNN
9,3,0,0,1,0.3793420486404713,5/11,"0.34, 1.23, 1.29, 1.94, 2.23, 2.28, 2.29, 2.30, 2.58, 2.63, 2.66",0,27.0,0,2,11.1333,3,female,S,kNN
655,5,1,1,0,-0.5070329014953419,7/11,"0.25, 0.25, 0.32, 0.96, 2.02, 2.02, 2.24, 2.25, 2.32, 2.37, 2.38",0,18.0,0,0,6.75,3,female,Q,kNN
252,2,1,0,1,0.05064495512160705,5/11,"0.33, 0.34, 1.07, 1.60, 1.62, 1.73, 1.75, 1.88, 1.93, 1.96, 2.00",0,29.0,1,1,10.4625,3,female,S,SVM
752,2,0,1,0,-0.16037527359933335,6/11,"1.06, 1.17, 1.64, 1.78, 2.08, 2.10, 2.17, 2.17, 2.20, 2.26, 2.26",0,6.0,0,1,12.475,3,male,S,SVM
605,1,0,0,1,0.9114737996082818,5/11,"0.31, 0.33, 0.41, 0.41, 0.47, 1.79, 1.83, 1.84, 2.00, 2.08, 2.08",0,35.0,0,0,26.55,1,male,C,kNN
337,5,1,0,1,0.4017255344516084,5/11,"0.36, 0.44, 1.18, 1.28, 1.29, 1.43, 1.57, 1.68, 1.73, 1.74, 1.81",0,29.0,1,0,66.6,1,male,S,SVM
778,2,0,1,0,-0.20711411137766844,7/11,"0.76, 1.07, 1.29, 1.32, 1.33, 1.38, 1.44, 1.45, 1.53, 1.59, 1.67",0,5.0,0,0,12.475,3,female,S,SVM
368,2,0,1,0,-1.0002468828878557,7/11,"0.00, 1.02, 2.00, 2.00, 2.00, 2.00, 2.00, 2.01, 2.01, 2.01, 2.01",0,,0,0,7.2292,3,female,C,SVM
119,5,1,0,1,0.8550938481850434,3/11,"2.30, 4.07, 4.55, 4.78, 4.78, 5.08, 5.11, 5.22, 5.46, 5.70, 5.71",0,24.0,0,1,247.5208,1,male,C,SVM
565,2,1,1,0,-0.8571617555364293,9/11,"0.00, 1.03, 1.03, 2.00, 2.00, 2.00, 2.00, 2.00, 2.00, 2.00, 2.00",1,,0,0,8.05,3,female,S,kNN
