n_neighbors,p,weights,mean_test_macro_f1,std_test_macro_f1,mean_train_macro_f1,mean_test_roc_auc
11,1,uniform,0.7894746399049464,0.03208042555197481,0.821849548358825,0.8541255158692463
15,1,uniform,0.7850357809436631,0.03517764622566618,0.8120445456839883,0.8548401860823491
21,1,uniform,0.7813237734229179,0.02627804559237369,0.8021611649947845,0.8537535490748658
7,1,uniform,0.7794894668960926,0.029269504827579357,0.832000264081121,0.8480072406404695
15,2,uniform,0.7785367593610537,0.02510066159557516,0.8026651595438793,0.8465551676641019
5,2,uniform,0.7761245301214506,0.017076636078734123,0.8384296297840208,0.8364665859219151
5,1,uniform,0.775512823113549,0.017840843461739524,0.844111285893837,0.8408991561381842
11,2,uniform,0.7730456560988093,0.031425943497242426,0.811545401403008,0.8468206885996855
21,2,uniform,0.7727792504308003,0.02780416819825423,0.8001946314569303,0.8451092428992115
3,1,uniform,0.7698058306249423,0.01883999833420346,0.8632232785095082,0.8207146042451685
31,1,distance,0.7682788269582945,0.016375864768365132,0.984454411079007,0.8267603939077294
31,1,uniform,0.7673857889007629,0.03296367390935816,0.7782863529409305,0.8520147266816546
7,2,uniform,0.7639424939057612,0.026328178613916276,0.8255710568265282,0.8379621185734039
15,1,distance,0.7629744745283217,0.01646059785105717,0.984454411079007,0.826051581647193
21,1,distance,0.7626655470516251,0.02082124017545088,0.984454411079007,0.8263867119470568
21,2,distance,0.7623594577937676,0.02194922882648871,0.984454411079007,0.8209669052067172
3,2,uniform,0.7619185236553211,0.017816597043821485,0.8614695131939666,0.8124248361356512
11,1,distance,0.760978644222709,0.014253944960336922,0.984454411079007,0.827279891390393
15,2,distance,0.7597032790600471,0.017142487005164866,0.984454411079007,0.8201220802592275
31,2,distance,0.7593414397350885,0.022343842625617248,0.984454411079007,0.8223864559914718
31,2,uniform,0.7583247859311462,0.03549969563190315,0.7680257771128153,0.8407387353155379
7,1,distance,0.7570710684850602,0.017876761680706534,0.984454411079007,0.8290901174756973
11,2,distance,0.7553342348948033,0.01659039211707196,0.984454411079007,0.821648459516798
5,2,distance,0.7532772991800198,0.019407953144742366,0.984454411079007,0.818690747601406
5,1,distance,0.7531080565561028,0.017931732805022294,0.984454411079007,0.8240479639656755
7,2,distance,0.7530337565271148,0.017556792323820326,0.984454411079007,0.820799030007494
3,1,distance,0.7501308948604308,0.02547450161116305,0.984454411079007,0.809537525199751
3,2,distance,0.7431081038472465,0.023783541293714707,0.984454411079007,0.8038403101020656
1,1,distance,0.7335990809511039,0.031584447702600715,0.9781616858049998,0.7348705445257169
1,1,uniform,0.7335990809511039,0.031584447702600715,0.9781616858049998,0.7348705445257169
1,2,distance,0.7311242637241385,0.028406406225367425,0.9781616858049998,0.7325566004876349
1,2,uniform,0.7311242637241385,0.028406406225367425,0.9781616858049998,0.7325566004876349
