PassengerId,fold,y_true,kNN,SVM,SVM decision,Сусіди клас 1,Відстані сусідів,Однакових сусідів (d=0)
853,4,1,0,0,-1.2880652891422812,2/11,"1.33, 1.36, 1.65, 1.69, 1.72, 1.73, 2.41, 2.66, 2.77, 2.81, 2.81",0
708,2,0,1,1,0.9919573382696092,7/11,"0.23, 0.39, 0.40, 0.45, 0.46, 0.52, 0.53, 0.61, 0.64, 0.71, 0.79",0
663,1,1,0,1,1.0117016911981205,5/11,"0.17, 0.17, 0.33, 0.40, 0.49, 0.71, 0.71, 0.86, 0.87, 0.94, 1.02",0
34,4,1,1,1,1.0358231319250848,10/11,"0.31, 0.31, 0.60, 0.99, 1.12, 1.13, 1.19, 1.23, 1.28, 1.55, 1.84",0
557,2,0,0,0,-1.4052586697061906,1/11,"0.76, 1.02, 1.24, 1.34, 1.41, 2.40, 2.56, 2.65, 2.69, 2.77, 2.80",0
249,2,0,1,1,0.8546327023741986,6/11,"1.28, 1.65, 1.66, 1.73, 1.80, 1.83, 2.03, 2.04, 2.11, 2.13, 2.31",0
162,4,0,0,0,-1.0056007981505388,0/11,"0.21, 0.36, 0.36, 0.49, 0.52, 0.57, 0.82, 0.98, 0.98, 0.98, 1.10",0
841,3,1,1,1,1.0722470604483945,10/11,"0.00, 0.00, 0.03, 0.03, 0.05, 0.08, 0.08, 0.08, 0.08, 0.08, 0.08",0
622,3,0,1,1,1.00911156468931,8/11,"0.01, 0.39, 0.46, 0.67, 0.83, 0.86, 0.99, 1.07, 1.13, 1.26, 1.26",0
378,4,1,0,1,0.531445403767691,4/11,"2.20, 2.78, 4.34, 4.53, 5.20, 5.24, 5.26, 5.38, 5.46, 5.59, 5.63",0
524,3,0,0,0,-1.1523264104653876,2/11,"1.77, 2.09, 2.31, 2.33, 2.35, 2.53, 2.59, 2.76, 2.81, 2.86, 2.86",0
685,4,1,1,1,0.8512355684053858,10/11,"1.97, 2.48, 2.74, 2.78, 2.87, 2.91, 2.92, 3.15, 3.28, 3.32, 3.33",0
338,5,0,0,0,-2.1220851014360766,0/11,"0.40, 1.43, 2.09, 2.24, 2.30, 2.39, 2.47, 2.51, 2.53, 2.54, 2.69",0
60,3,1,1,1,1.8357383254722108,10/11,"0.15, 0.22, 1.35, 2.22, 2.51, 2.58, 2.66, 2.96, 3.03, 3.20, 3.65",0
290,1,0,1,1,0.2538478805520237,8/11,"0.08, 0.33, 0.55, 0.66, 2.01, 2.08, 2.08, 2.08, 2.18, 2.23, 2.23",0
612,1,1,1,1,1.0484283403769945,10/11,"0.00, 0.00, 0.00, 0.01, 0.02, 0.02, 0.02, 0.02, 0.02, 0.02, 0.02",0
717,3,0,0,0,-1.2613353294551743,0/11,"2.05, 2.15, 2.37, 2.57, 3.01, 3.11, 3.17, 3.58, 3.68, 3.77, 3.97",0
105,5,1,1,1,2.1921654714543246,10/11,"0.43, 1.17, 1.33, 1.48, 1.55, 1.64, 1.79, 1.84, 1.84, 1.94, 1.95",0
568,5,1,0,0,-0.16908538732508904,5/11,"2.28, 2.60, 2.96, 3.06, 3.51, 3.91, 4.22, 4.22, 4.49, 4.72, 4.96",0
457,3,1,1,1,0.9826613051764681,7/11,"0.09, 0.22, 0.22, 0.37, 0.42, 0.44, 0.67, 1.05, 1.05, 1.19, 1.27",0
35,1,1,1,1,0.8598050887785798,7/11,"0.73, 1.27, 1.27, 1.65, 1.75, 2.07, 2.15, 2.18, 2.31, 2.37, 2.68",0
116,3,1,1,1,1.106138834433527,10/11,"0.00, 0.00, 0.00, 0.00, 0.01, 0.02, 0.05, 0.08, 0.08, 0.08, 0.08",0
138,5,1,0,1,0.6549674609213068,4/11,"0.39, 0.40, 0.53, 0.75, 0.85, 0.87, 1.04, 1.26, 1.31, 1.44, 1.59",0
646,3,0,0,1,1.0213268534242743,4/11,"0.33, 0.76, 1.61, 2.07, 2.16, 2.21, 2.33, 2.33, 2.36, 2.42, 2.43",0
630,4,1,1,1,1.0002630020623116,10/11,"0.00, 0.00, 0.00, 0.00, 0.00, 0.00, 0.01, 0.02, 0.02, 0.16, 0.33",0
825,1,1,1,1,1.4390380365719517,10/11,"0.08, 0.93, 1.08, 1.94, 2.20, 2.35, 2.66, 2.83, 2.98, 2.99, 3.24",0
400,3,0,0,0,-1.0040684996105924,1/11,"0.01, 0.01, 0.12, 0.16, 0.31, 0.31, 0.31, 0.34, 0.46, 0.49, 0.57",0
67,4,0,0,0,-1.0138360529010129,1/11,"0.12, 0.13, 0.13, 0.13, 0.15, 0.38, 0.43, 0.43, 0.43, 0.59, 0.59",0
407,5,1,1,1,1.9444000498409164,11/11,"0.01, 0.02, 0.08, 0.23, 0.31, 0.32, 0.34, 0.47, 0.53, 0.53, 0.61",0
542,3,1,1,1,0.8519677744419354,9/11,"0.15, 0.30, 0.95, 1.08, 1.82, 2.00, 2.42, 3.02, 3.20, 3.57, 3.58",0
170,1,1,1,1,1.2297856024349807,8/11,"0.15, 0.31, 0.63, 0.79, 0.87, 0.90, 0.90, 0.97, 0.98, 0.98, 0.98",0
688,2,1,1,1,0.9884751135842669,9/11,"0.04, 0.04, 0.04, 0.04, 0.05, 0.09, 0.10, 0.11, 0.11, 0.12, 0.12",0
735,1,1,1,1,0.9857411437822572,10/11,"0.00, 0.00, 0.05, 0.08, 0.12, 0.15, 0.15, 0.31, 0.31, 0.36, 0.39",2
203,3,1,1,1,1.432938406936661,9/11,"0.03, 0.09, 0.10, 0.10, 0.11, 0.12, 0.17, 0.18, 0.18, 0.18, 0.18",0
229,1,1,1,1,0.8371862056614043,10/11,"0.03, 0.03, 0.08, 0.12, 0.20, 0.39, 0.39, 0.40, 0.43, 0.46, 0.51",0
443,3,1,1,1,1.5900706619158071,11/11,"0.21, 0.25, 0.31, 0.55, 0.55, 0.61, 0.69, 0.88, 0.88, 0.89, 0.89",0
828,2,0,0,0,-2.1376691991381644,2/11,"2.16, 3.12, 3.84, 4.39, 4.42, 4.43, 4.51, 4.55, 4.60, 4.60, 4.64",0
263,2,1,1,1,1.1856293419129804,7/11,"1.08, 1.86, 1.87, 2.08, 2.49, 2.52, 2.53, 2.54, 2.80, 2.82, 2.88",0
496,2,1,1,1,1.0059880275266926,11/11,"0.12, 0.12, 0.13, 0.13, 0.13, 0.13, 0.13, 1.90, 2.00, 2.01, 2.09",0
861,1,1,1,1,1.6390166547187954,10/11,"0.42, 1.32, 1.63, 1.79, 1.94, 1.99, 2.01, 2.01, 2.08, 2.08, 2.08",0
449,1,0,1,1,0.36637872214880307,6/11,"1.29, 2.00, 2.91, 3.00, 3.09, 3.17, 3.43, 3.90, 3.90, 4.06, 4.06",0
359,5,0,0,0,-1.0001940306944224,3/11,"0.00, 0.00, 0.00, 0.00, 0.00, 0.00, 0.00, 0.00, 0.00, 0.01, 0.01",1
815,3,1,1,1,1.3641010658680457,7/11,"0.04, 0.04, 0.04, 0.04, 0.05, 0.11, 0.11, 0.11, 0.11, 0.11, 0.12",0
270,3,0,0,0,-1.1859571873228802,0/11,"0.74, 1.17, 1.25, 1.38, 1.85, 2.02, 2.07, 2.44, 2.47, 2.59, 2.98",0
629,5,1,1,1,1.4274706424770696,11/11,"0.00, 0.00, 0.08, 0.08, 0.09, 0.09, 0.12, 0.15, 0.15, 0.15, 0.17",1
807,1,1,0,1,0.9543027059221254,5/11,"0.08, 0.08, 0.56, 0.72, 0.72, 0.72, 0.80, 0.88, 0.96, 0.96, 1.33",0
79,3,0,0,0,-2.0562141163527725,1/11,"2.18, 2.28, 2.35, 2.36, 2.45, 2.51, 2.59, 2.79, 3.06, 3.23, 3.37",0
758,4,1,1,1,0.9748142188149558,11/11,"0.00, 0.03, 0.10, 0.11, 0.17, 0.40, 0.41, 0.41, 0.44, 0.48, 0.49",1
283,4,1,1,1,0.9441437923120048,10/11,"0.03, 0.09, 0.09, 0.09, 0.12, 0.18, 0.19, 0.19, 0.19, 0.24, 0.26",0
648,5,0,1,1,0.9793888980280283,7/11,"0.10, 1.30, 1.37, 1.60, 1.77, 1.91, 2.12, 2.18, 2.19, 2.23, 2.41",0
341,4,0,0,0,-0.8523953311322572,4/11,"0.08, 0.22, 0.33, 2.21, 2.23, 2.28, 2.34, 2.45, 3.00, 3.19, 3.26",0
694,2,1,1,1,0.9024632884153425,7/11,"0.11, 0.23, 0.23, 0.26, 0.29, 0.31, 0.38, 0.38, 0.38, 0.44, 0.62",0
488,5,1,1,1,1.0130025397681603,8/11,"0.17, 1.38, 1.39, 1.79, 1.88, 1.97, 2.14, 2.22, 2.24, 2.28, 2.31",0
554,3,0,1,1,0.9347613663971017,8/11,"0.00, 0.11, 0.15, 0.22, 0.49, 0.54, 0.60, 0.99, 1.35, 1.71, 1.76",0
545,5,1,1,1,0.47186734636341865,6/11,"0.79, 1.47, 2.18, 2.64, 2.72, 2.87, 2.91, 3.02, 3.09, 3.26, 3.28",0
274,1,1,1,1,0.5887727429132861,6/11,"1.50, 1.52, 1.52, 1.65, 1.67, 1.71, 1.83, 2.77, 2.83, 2.87, 3.07",0
656,3,1,1,1,1.0336878784754944,10/11,"0.22, 0.60, 1.98, 2.20, 2.38, 2.46, 2.61, 2.83, 2.96, 3.02, 3.06",0
386,2,1,1,1,0.9175852974366683,10/11,"0.23, 1.12, 1.15, 1.15, 1.20, 1.24, 1.24, 1.50, 1.50, 1.50, 1.56",0
319,1,0,0,0,-1.272000186388147,2/11,"1.62, 2.13, 2.59, 3.35, 3.35, 3.41, 3.44, 3.55, 3.90, 3.99, 4.00",0
660,1,1,1,1,1.7170120457341165,7/11,"2.74, 2.76, 2.89, 2.94, 3.22, 3.96, 4.05, 4.10, 4.15, 4.23, 4.23",0
291,2,0,0,0,-1.139345060062629,0/11,"0.39, 0.57, 0.67, 0.93, 1.65, 1.73, 2.04, 2.23, 2.29, 2.33, 2.33",0
16,5,0,0,0,-1.201443520096652,0/11,"0.49, 0.49, 1.04, 1.13, 1.49, 1.61, 1.64, 1.70, 1.75, 1.79, 1.89",0
169,3,1,1,1,0.9949834695515889,7/11,"0.01, 0.01, 0.08, 0.11, 0.19, 0.20, 0.34, 0.54, 2.08, 2.24, 2.24",0
471,5,1,1,1,1.3361678168029496,10/11,"0.00, 0.00, 0.00, 0.01, 0.01, 0.01, 0.01, 0.01, 0.01, 0.01, 0.01",1
210,4,0,1,1,1.0111434943988655,7/11,"0.07, 0.47, 0.49, 0.62, 0.83, 1.23, 1.32, 1.41, 1.51, 1.91, 2.19",0
102,2,1,1,1,1.0256730261581117,10/11,"0.00, 0.00, 0.00, 0.00, 0.00, 0.00, 0.00, 0.00, 0.00, 0.00, 0.00",9
505,2,0,0,0,-1.2116899930318448,0/11,"0.53, 1.18, 1.28, 1.66, 1.78, 2.34, 2.66, 2.82, 2.92, 2.92, 2.94",0
808,3,1,1,1,0.15942274870971995,7/11,"0.01, 0.23, 0.30, 0.31, 0.34, 0.36, 0.38, 0.47, 0.52, 0.68, 0.75",0
870,5,0,0,0,-0.09607035165576039,3/11,"0.18, 1.10, 1.11, 1.25, 1.72, 2.12, 2.32, 2.32, 2.40, 2.40, 2.47",0
727,2,0,0,0,-0.6984655527560812,1/11,"1.94, 2.32, 2.32, 2.77, 2.92, 2.93, 2.96, 2.96, 2.96, 2.99, 3.08",0
548,2,0,1,1,1.1440502483004826,10/11,"0.02, 2.02, 2.11, 2.11, 2.12, 2.12, 2.12, 2.12, 2.12, 2.26, 2.26",0
205,5,0,1,1,1.0555161272246718,10/11,"0.01, 0.01, 0.08, 0.08, 0.08, 0.08, 0.09, 0.09, 0.10, 0.12, 0.15",0
318,1,1,1,1,1.214894669060862,10/11,"0.16, 0.17, 0.22, 0.26, 0.33, 0.40, 0.48, 0.56, 0.68, 0.84, 0.95",0
444,2,0,0,0,-1.0024939247720164,0/11,"0.00, 0.01, 0.12, 0.12, 0.30, 0.30, 0.34, 0.50, 0.57, 0.60, 0.88",1
335,2,0,0,0,-1.5021858641466161,0/11,"1.52, 2.24, 2.83, 2.95, 3.31, 3.61, 3.87, 4.18, 4.18, 4.20, 4.24",0
126,1,0,1,1,1.2112791596769705,7/11,"1.14, 1.22, 1.56, 1.60, 1.66, 1.71, 1.75, 1.75, 1.95, 1.99, 2.15",0
583,2,1,1,1,1.1922095969637587,10/11,"0.22, 0.38, 0.39, 0.54, 0.61, 0.69, 0.73, 0.89, 0.89, 1.13, 1.19",0
310,4,0,0,0,-1.287897080589815,2/11,"0.52, 0.54, 0.61, 0.99, 1.66, 2.10, 2.14, 2.35, 2.40, 2.58, 2.60",0
479,1,1,1,1,1.0781081996460466,10/11,"0.01, 0.01, 0.01, 0.01, 0.01, 0.08, 0.08, 0.08, 0.08, 0.08, 0.08",0
690,4,0,0,0,-1.4894843022117499,1/11,"2.15, 2.33, 2.99, 3.41, 3.52, 3.67, 3.83, 4.16, 4.30, 4.33, 4.38",0
860,3,1,1,1,1.0001670774450033,8/11,"0.00, 0.00, 0.00, 0.00, 0.00, 0.01, 0.01, 0.15, 2.00, 2.00, 2.00",1
418,3,0,0,0,-2.086804960808176,0/11,"0.48, 1.02, 1.39, 2.05, 2.30, 2.40, 2.53, 2.57, 2.64, 2.66, 2.77",0
863,3,0,0,0,-0.9272440005273765,3/11,"0.07, 0.76, 1.87, 2.01, 2.08, 2.17, 2.18, 2.21, 2.24, 2.24, 2.24",0
247,4,1,1,0,-0.41770939258707074,6/11,"0.08, 0.10, 0.16, 0.16, 0.23, 0.24, 0.27, 0.29, 0.31, 0.40, 0.46",0
100,1,1,1,1,1.1587818154924117,9/11,"0.09, 0.15, 0.23, 0.48, 0.77, 0.98, 1.15, 1.15, 1.15, 1.24, 1.27",0
616,1,0,0,0,-1.4410984118638828,0/11,"1.39, 1.85, 1.98, 2.07, 2.16, 2.34, 2.59, 2.86, 3.01, 3.22, 3.40",0
6,5,1,1,1,1.0002699660996879,10/11,"0.01, 0.02, 0.02, 0.02, 0.02, 0.02, 0.02, 0.02, 0.02, 0.15, 0.34",0
642,4,0,0,0,-1.333702138286185,1/11,"0.40, 0.75, 1.20, 1.23, 1.90, 2.20, 2.27, 2.34, 2.36, 2.37, 2.38",0
826,5,1,1,1,0.9996542797531245,10/11,"0.02, 0.02, 0.02, 0.02, 0.02, 0.02, 0.02, 0.02, 0.02, 0.19, 0.37",0
442,1,1,1,1,1.0284240438701397,10/11,"0.01, 0.02, 0.03, 0.03, 0.03, 0.05, 0.09, 0.09, 0.10, 0.10, 0.10",0
320,2,0,0,0,-1.3551797431861468,1/11,"0.51, 2.23, 2.34, 2.48, 2.59, 2.60, 2.94, 3.02, 3.04, 3.09, 3.12",0
150,2,1,1,1,1.2392926380256262,10/11,"0.23, 0.41, 0.45, 0.47, 0.50, 0.57, 0.60, 0.60, 0.60, 0.69, 0.75",0
697,2,1,1,1,1.1343882459471308,11/11,"0.00, 0.08, 0.10, 0.16, 0.16, 0.24, 0.24, 0.30, 0.45, 0.45, 0.47",1
721,4,0,0,0,-2.58845241644012,1/11,"0.81, 1.12, 1.29, 1.60, 2.35, 2.37, 2.39, 2.46, 2.57, 2.76, 2.85",0
273,4,0,0,0,-1.4273342388440824,0/11,"0.61, 0.82, 1.36, 1.38, 1.41, 1.46, 1.74, 1.77, 1.77, 1.83, 1.92",0
22,5,0,1,1,1.2922073997669454,10/11,"0.00, 0.09, 0.13, 0.15, 0.20, 0.20, 0.23, 0.30, 0.38, 0.43, 0.45",1
546,1,1,1,1,0.9797149768467586,8/11,"0.09, 0.16, 0.32, 0.35, 0.63, 0.78, 1.02, 1.26, 1.31, 1.48, 1.48",0
771,1,1,1,1,1.1244535293841205,10/11,"0.03, 0.04, 0.04, 0.05, 0.07, 0.08, 0.11, 0.11, 0.11, 0.12, 0.12",0
703,4,1,0,0,-1.5359475137877467,2/11,"1.09, 1.33, 1.63, 1.78, 2.10, 2.11, 2.42, 2.46, 2.56, 2.58, 2.73",0
514,2,0,0,0,-1.4956187359691222,1/11,"0.50, 0.70, 1.43, 1.76, 2.23, 2.57, 2.73, 2.74, 2.75, 2.77, 2.80",0
768,4,1,0,0,-0.6868425832056033,5/11,"0.65, 0.73, 0.98, 1.19, 2.04, 2.06, 2.06, 2.12, 2.13, 2.19, 2.27",0
369,3,0,0,0,-1.0000188140804298,1/11,"0.00, 0.00, 0.00, 0.00, 0.00, 0.00, 0.00, 0.00, 0.00, 1.04, 2.00",5
434,1,1,1,1,0.9405528160319188,9/11,"0.03, 0.03, 0.09, 0.09, 0.09, 0.09, 0.09, 0.09, 0.12, 0.16, 0.17",0
17,4,1,1,1,0.8451013545880528,10/11,"0.46, 2.21, 2.60, 3.13, 3.29, 3.83, 4.83, 5.08, 5.16, 5.18, 5.24",0
704,2,1,1,1,1.39005946972892,11/11,"0.45, 2.00, 2.00, 2.01, 2.01, 2.01, 2.08, 2.08, 2.08, 2.08, 2.08",0
868,2,1,0,1,0.8343412735113225,4/11,"0.50, 0.53, 0.67, 0.67, 0.75, 0.82, 0.91, 0.99, 1.01, 1.23, 1.24",0
254,4,1,1,1,1.47719165829011,9/11,"0.16, 0.26, 0.55, 0.55, 1.05, 1.07, 1.10, 1.11, 1.12, 1.14, 1.18",0
314,5,1,1,1,1.5048217685445533,11/11,"0.00, 0.00, 0.03, 0.08, 0.08, 0.08, 0.08, 0.15, 0.15, 0.15, 0.16",1
713,4,0,1,1,0.909095428324548,8/11,"0.46, 0.47, 0.86, 0.87, 1.30, 1.38, 1.40, 1.45, 1.46, 1.50, 1.54",0
23,3,0,0,0,-0.152145369083722,5/11,"0.25, 0.53, 1.16, 2.02, 2.08, 2.17, 2.24, 2.28, 2.45, 2.46, 2.54",0
388,2,0,0,0,-1.0525971204682543,0/11,"0.00, 0.20, 0.26, 0.30, 0.35, 0.57, 0.60, 0.61, 0.72, 0.90, 1.10",1
396,4,1,1,1,1.0498089417943106,10/11,"0.00, 0.00, 0.01, 0.01, 0.01, 0.01, 0.08, 0.08, 0.08, 0.08, 0.08",0
754,5,1,1,1,1.2997214950322526,11/11,"0.00, 0.03, 0.08, 0.08, 0.08, 0.08, 0.08, 0.09, 0.09, 0.09, 0.11",0
838,1,1,1,1,1.0474002534605455,10/11,"0.00, 0.00, 0.00, 0.00, 0.00, 0.00, 0.00, 0.00, 0.00, 0.00, 0.00",8
281,3,1,1,1,1.5658811905779444,10/11,"0.41, 1.83, 2.33, 2.46, 2.54, 2.67, 2.69, 2.69, 2.72, 2.99, 3.05",0
788,5,1,1,1,1.4373371325715507,11/11,"0.30, 0.45, 2.30, 2.68, 2.68, 2.75, 2.83, 3.42, 4.84, 5.06, 5.42",0
80,5,0,1,1,0.5126844466928671,9/11,"0.08, 0.18, 0.25, 0.40, 0.48, 0.53, 0.59, 0.62, 0.63, 0.64, 0.66",0
225,4,0,1,1,1.0038265330769747,7/11,"0.38, 0.67, 0.82, 1.06, 1.07, 1.16, 1.20, 1.30, 1.58, 2.08, 2.27",0
327,2,1,1,1,0.9113412182636245,11/11,"0.17, 0.45, 0.78, 0.79, 0.86, 1.01, 1.02, 1.07, 1.22, 1.31, 1.39",0
741,1,0,1,1,1.0006751026139478,11/11,"0.02, 0.06, 0.07, 0.08, 0.09, 0.23, 0.56, 2.04, 2.18, 2.29, 2.29",0
71,1,1,1,1,1.1661750275712075,9/11,"0.11, 0.12, 0.20, 0.20, 0.20, 0.20, 0.20, 0.23, 0.23, 0.31, 0.36",0
689,5,1,1,1,1.0564048071747945,11/11,"0.00, 0.00, 0.08, 0.08, 0.08, 0.08, 0.09, 0.09, 0.09, 0.13, 0.15",0
675,5,1,1,1,1.0000966232918327,9/11,"0.00, 0.00, 0.00, 0.28, 2.00, 2.15, 2.16, 2.16, 2.17, 2.17, 2.17",3
227,4,0,1,1,0.9905392749579391,11/11,"0.00, 0.05, 0.10, 0.13, 0.23, 0.31, 0.36, 0.36, 0.38, 0.43, 0.51",1
886,4,1,1,1,3.1261791074562524,8/11,"2.36, 4.18, 4.68, 4.85, 4.98, 6.09, 6.29, 6.80, 7.04, 7.16, 7.49",0
766,5,0,0,0,-1.5051415236363883,0/11,"0.90, 1.38, 1.66, 1.74, 1.80, 1.95, 2.15, 2.18, 2.21, 2.23, 2.23",0
200,2,1,0,0,-0.999400398773792,0/11,"0.00, 0.27, 0.27, 0.30, 0.31, 0.42, 0.57, 0.60, 0.62, 0.64, 0.80",1
160,2,1,1,1,4.882534350979421,11/11,"0.00, 0.00, 0.00, 2.00, 2.00, 6.70, 6.93, 7.05, 7.08, 8.51, 8.51",3
734,4,1,1,1,1.0664292733719662,11/11,"0.00, 0.00, 0.05, 0.08, 0.13, 0.15, 0.15, 0.28, 0.31, 0.31, 0.36",2
684,1,1,1,1,2.0572377055609303,9/11,"0.23, 0.39, 1.58, 2.15, 2.29, 2.44, 2.47, 3.29, 3.58, 3.86, 3.89",0
730,1,1,1,1,0.40676618717952184,6/11,"0.22, 0.23, 0.34, 0.42, 0.91, 0.98, 1.00, 1.03, 1.06, 1.06, 1.07",0
106,2,1,1,1,1.124333092107671,10/11,"0.00, 0.00, 0.03, 0.03, 0.08, 0.08, 0.08, 0.08, 0.09, 0.15, 0.15",1
24,4,0,0,1,0.844549586358113,4/11,"0.18, 0.53, 0.64, 0.72, 0.80, 0.80, 0.99, 1.26, 1.30, 1.37, 1.48",0
242,4,0,0,0,-0.8796180268165728,2/11,"0.00, 1.09, 1.09, 1.09, 1.09, 1.09, 1.09, 1.09, 1.09, 1.09, 1.09",1
533,3,1,1,1,0.5913446971225269,7/11,"0.15, 0.40, 1.72, 2.14, 2.34, 2.36, 2.51, 2.62, 2.73, 2.76, 2.99",0
447,3,0,0,0,-1.8925959799308274,0/11,"0.80, 1.03, 1.62, 1.64, 1.74, 1.75, 1.77, 1.84, 1.99, 2.04, 2.09",0
787,2,0,1,0,-0.12293129443208328,6/11,"0.01, 0.23, 0.31, 0.31, 0.34, 0.36, 0.38, 0.38, 0.53, 0.61, 0.69",0
395,2,0,0,0,-0.36177961862411734,4/11,"0.33, 1.57, 1.86, 2.04, 2.32, 2.40, 2.52, 2.75, 2.75, 2.78, 2.78",0
595,2,1,1,1,1.1926789434120286,10/11,"0.23, 0.32, 0.38, 0.40, 0.70, 1.04, 1.04, 1.25, 1.28, 1.28, 1.32",0
88,5,1,1,1,1.335471467782946,10/11,"0.00, 0.00, 0.00, 0.00, 0.00, 0.00, 0.00, 0.00, 0.00, 0.00, 0.00",8
49,1,1,1,1,1.0040776924397017,9/11,"1.95, 2.03, 2.07, 2.07, 2.08, 2.08, 2.08, 2.08, 2.08, 2.08, 2.08",0
255,2,1,0,0,-0.12108463208486397,2/11,"1.22, 2.47, 2.71, 2.91, 3.00, 3.04, 3.06, 3.20, 3.28, 3.32, 3.39",0
215,1,1,1,1,0.9948550605017141,10/11,"0.14, 0.14, 0.31, 0.91, 0.91, 0.91, 0.91, 0.91, 0.91, 0.91, 0.91",0
731,1,0,0,0,-1.2919901724120342,0/11,"1.65, 1.87, 1.93, 2.27, 2.33, 2.63, 2.70, 3.00, 3.10, 3.14, 3.31",0
625,1,1,1,1,1.058913778543876,10/11,"0.14, 0.15, 0.15, 0.15, 0.15, 0.15, 0.16, 0.21, 0.22, 0.23, 0.23",0
461,1,0,1,1,1.01490635686475,6/11,"0.23, 0.23, 0.23, 0.47, 0.55, 0.62, 0.62, 0.93, 0.93, 0.93, 0.94",0
839,1,0,1,1,1.2681151127474743,7/11,"0.00, 0.46, 0.90, 0.90, 0.90, 0.94, 0.95, 0.97, 0.98, 0.98, 0.98",1
101,1,1,0,0,-0.05440511404071113,5/11,"0.08, 0.16, 0.17, 0.23, 0.23, 0.24, 0.25, 0.33, 0.39, 0.39, 0.48",0
416,4,1,1,0,-0.5646482903425323,10/11,"0.00, 1.10, 2.00, 2.00, 2.00, 2.00, 2.00, 2.00, 2.00, 2.00, 2.00",1
637,4,1,1,1,1.1569487761650237,7/11,"0.00, 0.00, 0.00, 0.00, 0.08, 0.08, 0.09, 0.11, 0.12, 0.16, 0.16",2
503,1,1,0,0,-0.9997996338695634,2/11,"0.00, 0.00, 0.00, 0.00, 0.00, 0.00, 0.00, 0.00, 0.00, 0.00, 0.01",0
673,1,1,1,1,1.012756007640399,10/11,"0.31, 0.62, 0.91, 1.44, 1.45, 1.51, 1.53, 1.59, 1.75, 1.86, 2.15",0
413,1,0,0,0,-0.7773725767093884,0/11,"2.59, 2.74, 2.84, 2.97, 3.10, 3.20, 3.24, 3.44, 3.48, 3.59, 3.62",0
559,3,0,0,0,-1.0606469039900859,1/11,"2.07, 2.11, 2.19, 2.22, 2.54, 2.65, 2.66, 2.71, 2.73, 2.92, 2.97",0
240,4,1,1,1,1.1634117316111485,10/11,"0.09, 0.09, 0.09, 0.11, 0.19, 0.24, 0.24, 0.27, 0.34, 0.40, 0.43",0
736,5,1,1,1,1.4923439374107599,10/11,"0.18, 0.18, 0.21, 0.22, 0.22, 0.22, 0.22, 0.26, 0.29, 0.29, 0.30",0
846,2,1,1,1,1.1481783340570593,11/11,"0.00, 0.02, 0.08, 0.08, 0.16, 0.24, 0.31, 0.31, 0.38, 0.45, 0.46",0
873,5,1,0,1,0.7653753384832467,5/11,"0.56, 0.61, 0.63, 0.69, 0.69, 0.84, 1.04, 1.14, 1.14, 1.37, 1.37",0
61,5,1,1,1,0.7873481807047338,7/11,"0.00, 0.11, 0.15, 0.22, 0.23, 0.49, 0.54, 0.55, 0.60, 0.84, 1.35",0
235,2,1,1,1,0.999899339814059,10/11,"0.05, 0.12, 0.12, 0.12, 0.12, 0.15, 0.27, 0.30, 0.38, 0.38, 0.38",0
827,5,1,1,1,1.3258335171041662,10/11,"0.91, 1.02, 1.04, 1.05, 1.05, 1.05, 1.05, 1.05, 1.05, 1.05, 1.05",0
774,2,1,1,1,1.000033145411445,10/11,"0.00, 0.00, 0.00, 0.00, 0.00, 0.01, 0.01, 2.00, 2.00, 2.00, 2.00",2
816,4,1,1,1,0.9623927385547546,8/11,"0.52, 0.52, 0.53, 0.53, 0.60, 0.62, 0.70, 0.71, 2.00, 2.00, 2.00",0
639,1,1,1,1,2.768121870839793,7/11,"2.35, 2.44, 2.52, 2.68, 3.22, 4.11, 4.45, 5.36, 5.49, 6.72, 6.94",0
202,1,1,1,1,1.631436350662832,11/11,"0.00, 0.00, 0.00, 2.00, 2.00, 7.01, 7.17, 8.36, 8.60, 8.63, 8.91",3
33,1,0,0,0,-1.0003706238202517,2/11,"0.00, 0.00, 0.00, 0.00, 0.00, 0.00, 0.00, 0.00, 0.00, 0.00, 0.01",6
163,5,1,1,1,1.4279276517795207,11/11,"0.00, 0.01, 0.08, 0.08, 0.09, 0.09, 0.12, 0.15, 0.15, 0.15, 0.17",0
652,3,0,0,0,-1.6873719826874194,1/11,"0.59, 1.10, 1.20, 1.30, 1.40, 1.54, 1.59, 1.74, 1.79, 1.88, 1.91",0
199,2,0,0,0,-1.0001444864675102,2/11,"0.00, 0.00, 0.00, 0.00, 0.00, 0.00, 0.00, 0.00, 0.00, 0.00, 0.00",6
308,5,0,0,0,-2.6965607696945915,0/11,"0.55, 1.96, 2.02, 2.32, 2.32, 2.39, 2.65, 2.75, 2.94, 3.03, 3.10",0
445,4,0,1,1,1.208476764585427,11/11,"0.00, 0.00, 0.00, 0.00, 0.00, 0.00, 0.00, 0.00, 0.00, 0.00, 0.00",0
439,5,1,1,1,3.1361660566398166,6/11,"7.79, 7.83, 8.50, 8.76, 8.90, 9.22, 9.42, 9.46, 9.51, 9.53, 9.67",0
666,5,1,1,1,1.113799482795579,11/11,"0.60, 0.83, 2.11, 2.22, 2.30, 2.34, 2.69, 2.69, 2.86, 2.92, 3.10",0
527,4,0,0,0,-1.0267181565635326,1/11,"0.49, 0.66, 1.12, 1.12, 1.23, 1.28, 1.36, 1.56, 1.58, 1.71, 1.73",0
742,5,1,0,1,0.543308712318628,4/11,"0.39, 0.78, 0.85, 1.02, 1.03, 1.23, 1.48, 1.55, 1.92, 1.94, 2.07",0
103,1,1,0,0,-0.17981942389264471,5/11,"2.41, 2.49, 2.52, 2.55, 2.57, 2.58, 2.60, 2.73, 2.75, 2.97, 3.09",0
321,5,1,1,1,1.256396377464392,11/11,"0.00, 0.00, 0.01, 0.01, 0.01, 0.02, 0.09, 0.09, 0.09, 0.09, 0.09",1
751,5,0,0,0,-2.2735409918043734,0/11,"1.30, 1.47, 1.48, 1.68, 1.98, 2.14, 2.14, 2.22, 2.33, 2.43, 2.57",0
677,2,1,1,1,1.0840686140993887,10/11,"0.04, 0.04, 0.05, 0.05, 0.05, 0.05, 0.06, 0.06, 0.06, 0.12, 0.12",0
854,2,0,0,0,-1.6736059044813822,1/11,"2.17, 2.34, 2.36, 2.45, 2.59, 2.71, 2.87, 2.93, 3.08, 3.26, 3.33",0
617,4,1,1,1,1.331184715114361,10/11,"0.20, 0.35, 1.34, 1.43, 1.50, 1.67, 1.78, 1.99, 2.08, 2.08, 2.32",0
483,1,1,1,1,1.2999598396648446,11/11,"0.08, 0.08, 0.10, 0.23, 0.25, 0.41, 0.43, 0.46, 0.46, 0.54, 0.63",0
474,2,0,0,0,-1.135118207459035,2/11,"1.87, 2.02, 2.09, 2.21, 2.36, 2.39, 2.40, 2.46, 2.51, 2.51, 2.53",0
166,1,0,0,0,-0.8398166115634842,5/11,"1.53, 1.63, 2.22, 2.41, 2.70, 2.70, 2.72, 2.79, 2.86, 2.93, 2.95",0
109,1,1,1,1,1.3071059254749793,10/11,"0.01, 0.02, 0.08, 0.08, 0.16, 0.23, 0.25, 0.25, 0.25, 0.30, 0.31",0
829,2,0,1,1,1.0262967166606762,11/11,"0.00, 0.00, 0.00, 0.00, 0.00, 0.00, 0.00, 0.00, 0.01, 0.01, 0.02",6
25,5,1,1,1,0.9017889689538319,7/11,"0.38, 1.52, 1.89, 2.26, 2.52, 2.59, 2.67, 2.68, 3.05, 3.20, 3.28",0
85,4,0,0,0,-1.114460277266133,1/11,"0.31, 0.46, 0.59, 0.59, 0.77, 0.89, 0.89, 0.89, 1.05, 1.30, 1.35",0
883,1,1,0,0,-0.09592045338147326,5/11,"0.06, 0.13, 0.13, 0.19, 0.28, 0.36, 0.36, 0.37, 0.44, 0.65, 0.66",0
579,5,1,0,0,-0.9595400806068202,5/11,"0.00, 1.09, 1.09, 1.47, 2.02, 2.02, 2.04, 2.93, 3.07, 3.07, 3.07",0
806,4,1,1,1,1.149972732230836,6/11,"0.00, 0.04, 0.08, 0.08, 0.08, 0.08, 0.08, 0.09, 0.11, 0.15, 0.15",0
785,1,1,1,1,1.1447037179692154,10/11,"0.00, 0.00, 0.01, 0.02, 0.06, 0.08, 0.08, 0.09, 0.09, 0.09, 0.09",1
553,2,1,1,1,1.0262563295151728,11/11,"0.00, 0.00, 0.00, 0.00, 0.00, 0.00, 0.00, 0.00, 0.01, 0.02, 0.02",0
586,4,0,0,0,-2.40038986673261,2/11,"1.55, 2.05, 2.21, 2.70, 2.77, 2.79, 2.91, 2.92, 3.13, 3.33, 3.53",0
208,1,0,1,1,1.1384023329326363,8/11,"0.29, 0.41, 0.43, 0.52, 0.52, 0.52, 0.52, 0.68, 0.74, 0.74, 0.90",0
573,3,0,0,1,0.9576431638277725,5/11,"0.00, 0.15, 0.45, 0.60, 0.67, 0.68, 0.70, 0.76, 0.77, 0.79, 0.84",0
882,4,1,1,1,1.1629120806737632,7/11,"0.00, 0.02, 0.03, 0.08, 0.08, 0.08, 0.08, 0.08, 0.10, 0.15, 0.16",0
127,3,1,1,1,0.9998860457546115,10/11,"0.00, 0.00, 0.00, 0.00, 0.00, 0.00, 0.00, 0.00, 0.01, 0.02, 0.02",5
52,1,1,1,1,1.0534430236314813,10/11,"0.00, 0.00, 0.00, 0.00, 0.00, 0.01, 0.02, 0.08, 0.08, 0.08, 0.08",0
211,2,1,1,1,1.078436799738862,10/11,"0.00, 0.01, 0.01, 0.05, 0.08, 0.08, 0.08, 0.09, 0.09, 0.09, 0.09",0
610,5,0,0,0,-1.5813123899177188,0/11,"0.76, 1.39, 1.74, 2.08, 2.67, 2.69, 2.77, 3.06, 3.12, 3.24, 3.25",0
233,5,1,1,1,1.2639200443469119,11/11,"0.39, 0.54, 0.59, 0.62, 0.65, 0.84, 0.89, 0.93, 1.25, 1.29, 1.51",0
315,4,1,1,1,0.6586335090773048,9/11,"0.92, 1.33, 1.34, 1.72, 1.95, 2.05, 2.10, 2.10, 2.15, 2.43, 2.43",0
288,1,1,1,1,1.0782752327399914,10/11,"0.00, 0.00, 0.00, 0.01, 0.01, 0.08, 0.08, 0.08, 0.08, 0.08, 0.08",1
552,1,1,1,1,1.0965257913700208,11/11,"0.24, 0.32, 0.37, 0.40, 0.40, 0.44, 0.47, 0.47, 0.47, 0.52, 0.55",0
115,5,1,0,0,-0.8733313767276829,4/11,"0.46, 1.08, 1.12, 1.23, 1.37, 2.22, 2.23, 2.29, 2.29, 2.37, 2.38",0
511,2,0,1,1,1.4515352294400492,10/11,"0.15, 2.00, 2.00, 2.00, 2.01, 2.05, 2.08, 2.08, 2.08, 2.08, 2.08",0
76,5,1,1,1,1.3873661850427876,11/11,"0.01, 0.01, 0.01, 0.05, 0.08, 0.08, 0.08, 0.09, 0.12, 0.15, 0.16",0
316,3,0,1,1,0.32460778034027693,7/11,"0.08, 0.08, 0.15, 0.17, 0.23, 0.31, 0.32, 0.34, 0.35, 0.38, 0.39",0
540,2,0,0,0,-2.038105507897944,0/11,"1.88, 2.69, 2.86, 3.03, 3.06, 3.06, 3.08, 3.16, 3.28, 3.31, 3.45",0
343,2,1,1,1,1.0877654604643772,10/11,"0.05, 0.08, 0.12, 0.15, 0.15, 0.20, 0.23, 0.23, 0.30, 0.32, 0.35",0
204,4,1,1,1,1.108192551108445,8/11,"0.42, 0.82, 0.97, 1.19, 1.19, 1.28, 1.57, 1.69, 1.73, 1.80, 1.80",0
128,5,0,1,1,1.3466657997963065,11/11,"0.00, 0.01, 0.05, 0.06, 0.08, 0.08, 0.09, 0.09, 0.12, 0.15, 0.15",0
489,5,1,1,1,1.5752700403400095,9/11,"0.00, 0.02, 0.03, 0.04, 0.08, 0.08, 0.08, 0.08, 0.08, 0.15, 0.15",0
526,2,1,1,1,1.52373533620162,11/11,"0.72, 1.85, 2.05, 2.05, 2.11, 2.13, 2.19, 2.19, 2.20, 2.26, 2.27",0
529,2,1,1,1,1.1594575704932686,11/11,"0.08, 0.09, 0.17, 0.23, 0.23, 0.24, 0.30, 0.32, 0.38, 0.38, 0.40",0
201,5,1,1,1,1.498677479170092,10/11,"0.00, 0.03, 0.04, 0.11, 0.11, 0.11, 0.11, 0.15, 0.18, 0.18, 0.18",1
497,2,0,0,0,-1.5338706207680042,1/11,"0.15, 0.41, 1.33, 2.11, 2.23, 2.38, 2.40, 2.45, 2.48, 2.58, 2.58",0
509,3,1,1,1,1.3096371639561155,10/11,"0.17, 0.27, 0.27, 0.30, 0.30, 0.30, 0.36, 0.37, 0.45, 0.45, 0.45",0
682,1,0,0,1,0.8652273642937951,5/11,"0.28, 1.14, 1.25, 1.38, 1.46, 1.81, 1.86, 1.92, 2.20, 2.35, 2.37",0
884,4,1,1,1,1.119843618479294,11/11,"0.05, 0.08, 0.13, 0.15, 0.20, 0.28, 0.28, 0.31, 0.31, 0.36, 0.38",0
28,4,1,1,1,0.13404312633814186,6/11,"2.31, 5.03, 5.36, 6.05, 6.57, 6.76, 7.40, 7.70, 7.72, 7.83, 7.94",0
448,5,0,0,1,0.7179845809033563,5/11,"0.08, 0.15, 0.16, 0.45, 0.61, 0.64, 0.74, 0.83, 0.83, 0.95, 1.00",0
798,5,0,1,1,0.5577528020557392,9/11,"0.02, 0.08, 0.24, 0.39, 0.47, 0.47, 0.53, 0.62, 0.62, 0.70, 0.72",0
419,5,1,1,1,1.2094452578753245,10/11,"0.00, 0.08, 0.13, 0.15, 0.20, 0.20, 0.23, 0.24, 0.30, 0.35, 0.38",1
569,3,1,1,1,1.0001670774450033,8/11,"0.00, 0.00, 0.00, 0.00, 0.00, 0.01, 0.01, 0.15, 2.00, 2.00, 2.00",1
492,5,1,1,1,1.2091557685246752,11/11,"0.01, 0.01, 0.01, 0.01, 0.02, 0.03, 0.04, 0.08, 0.08, 0.08, 0.08",0
326,4,0,0,0,-1.0748908575617406,0/11,"0.41, 1.05, 1.50, 1.77, 1.91, 1.99, 2.08, 2.30, 2.38, 2.52, 2.56",0
842,2,1,1,1,0.7618115044751141,10/11,"0.17, 0.17, 0.20, 0.23, 0.23, 0.27, 0.57, 0.57, 0.57, 0.65, 0.72",0
482,4,1,1,1,1.0461896528741335,11/11,"0.00, 0.00, 0.00, 2.14, 2.15, 2.15, 2.15, 2.16, 2.16, 2.16, 2.16",3
357,2,0,0,0,-1.5103402425890289,1/11,"1.77, 2.03, 2.49, 2.51, 2.59, 2.62, 2.62, 2.68, 2.76, 2.81, 2.89",0
428,1,0,0,0,-1.1302313873951624,1/11,"0.44, 0.44, 0.63, 0.63, 0.91, 0.94, 0.94, 0.94, 1.06, 1.09, 1.25",0
486,3,1,1,1,0.5060823918878341,7/11,"0.00, 3.05, 3.20, 3.20, 3.82, 4.18, 4.19, 4.25, 4.25, 4.39, 4.59",1
618,5,1,1,1,0.7290206332944333,7/11,"0.16, 0.25, 0.51, 0.59, 0.64, 0.70, 0.78, 1.11, 1.19, 1.19, 1.24",0
365,5,1,1,1,1.0028185636804576,9/11,"0.00, 0.17, 0.19, 0.93, 1.10, 1.10, 1.10, 1.10, 1.10, 1.10, 1.10",1
720,2,1,1,1,1.1568929035459752,8/11,"0.00, 0.03, 0.08, 0.08, 0.08, 0.08, 0.08, 0.10, 0.15, 0.15, 0.16",0
850,4,0,0,0,-1.5164890179622574,2/11,"0.14, 1.15, 1.38, 2.74, 2.89, 3.18, 3.49, 3.49, 3.50, 3.86, 3.91",0
344,5,1,1,1,1.0703198651205323,11/11,"0.00, 0.08, 0.13, 0.13, 0.15, 0.15, 0.15, 0.15, 0.20, 0.23, 0.28",1
268,3,0,1,1,1.5900706619158071,11/11,"0.21, 0.25, 0.31, 0.55, 0.55, 0.61, 0.69, 0.88, 0.88, 0.89, 0.89",0
37,2,0,1,1,1.000036103996303,10/11,"0.00, 0.00, 0.00, 0.00, 0.00, 0.01, 0.01, 2.00, 2.00, 2.00, 2.00",3
631,4,0,1,1,0.9580896484625754,8/11,"1.22, 1.31, 1.45, 1.53, 1.60, 1.93, 2.16, 2.29, 2.52, 2.61, 2.62",0
183,2,1,1,1,1.9678094737935885,10/11,"1.03, 1.17, 1.32, 1.55, 1.57, 1.95, 2.00, 2.03, 2.15, 2.30, 2.95",0
604,3,1,1,1,1.553108332077447,10/11,"0.00, 0.16, 0.16, 0.16, 0.24, 0.24, 0.30, 0.38, 0.38, 0.45, 0.45",1
27,2,1,1,1,1.000033145411445,10/11,"0.00, 0.00, 0.00, 0.00, 0.00, 0.01, 0.01, 2.00, 2.00, 2.00, 2.00",2
633,3,0,1,1,0.9111060212793418,6/11,"0.21, 0.31, 0.50, 0.61, 0.66, 1.33, 1.61, 1.65, 1.80, 1.90, 1.92",0
391,2,0,1,1,1.1887889270574112,7/11,"1.88, 2.93, 3.23, 3.25, 3.30, 3.41, 3.79, 3.85, 3.89, 4.06, 4.08",0
792,2,1,1,1,0.7744595517107007,10/11,"0.39, 0.42, 0.42, 0.47, 0.51, 0.51, 0.77, 0.77, 0.77, 0.83, 0.84",0
556,1,1,1,1,0.9915319390618516,8/11,"0.00, 0.15, 0.18, 0.23, 0.46, 0.62, 0.85, 1.09, 1.32, 1.32, 1.46",1
141,4,1,1,0,-0.4456273122901848,7/11,"0.14, 2.15, 2.54, 2.66, 2.66, 3.10, 3.46, 3.46, 4.52, 4.65, 4.65",0
398,2,1,1,1,1.235299749435294,11/11,"0.28, 0.39, 0.53, 0.54, 0.68, 0.69, 0.77, 0.83, 0.83, 1.04, 1.12",0
356,1,1,1,1,1.2000420088266504,9/11,"0.00, 0.03, 0.03, 0.09, 0.11, 0.11, 0.11, 0.15, 0.16, 0.18, 0.18",1
797,4,0,0,0,-1.0184526153066429,3/11,"0.08, 0.70, 2.08, 2.09, 2.13, 2.13, 2.16, 2.17, 2.31, 2.32, 2.32",0
820,5,1,1,1,1.4594886894863006,9/11,"1.08, 2.08, 2.35, 2.58, 2.60, 2.70, 2.71, 2.78, 2.93, 3.03, 3.08",0
657,5,1,1,1,1.3356043917268547,10/11,"0.00, 0.00, 0.00, 0.00, 0.00, 0.00, 0.00, 0.00, 0.00, 0.00, 0.00",10
277,2,1,1,0,-0.5435163567462291,6/11,"0.64, 1.06, 1.07, 1.22, 1.28, 1.29, 1.36, 1.43, 1.51, 1.66, 1.66",0
168,3,1,1,1,2.427220885571633,9/11,"2.21, 2.68, 3.06, 3.78, 3.85, 4.03, 4.61, 4.97, 5.20, 5.33, 5.33",0
621,3,1,1,1,1.3914628967856018,7/11,"1.04, 1.14, 1.18, 1.19, 1.25, 1.29, 1.40, 1.55, 1.61, 1.81, 2.00",0
518,3,1,1,1,1.0018805825197503,10/11,"0.18, 0.32, 0.34, 0.34, 0.34, 0.34, 0.34, 0.34, 0.34, 0.34, 0.36",0
124,4,0,0,0,-1.003617326988973,1/11,"0.12, 0.17, 0.19, 0.27, 0.27, 0.35, 0.35, 0.35, 0.35, 0.47, 0.65",0
46,3,1,1,1,1.2433599936119932,10/11,"0.00, 0.00, 0.00, 0.00, 0.00, 0.00, 0.00, 0.00, 0.00, 0.00, 0.00",7
818,4,1,1,1,0.24323600250345123,9/11,"1.51, 1.59, 1.80, 2.22, 3.24, 3.27, 3.55, 3.55, 3.67, 3.70, 3.73",0
452,3,1,1,1,1.3127441330819252,10/11,"0.00, 0.08, 0.99, 0.99, 1.12, 1.12, 1.12, 1.12, 1.12, 1.12, 1.12",1
889,5,1,1,1,0.84399078667557,7/11,"2.00, 2.75, 3.11, 3.21, 3.21, 3.32, 3.80, 3.86, 3.86, 3.90, 4.02",0
114,4,1,1,1,0.09587156871421598,7/11,"0.08, 0.12, 0.31, 0.42, 0.43, 0.59, 1.06, 1.09, 1.11, 1.13, 1.14",0
185,2,0,0,0,-1.1267754565438588,4/11,"1.63, 1.93, 2.25, 2.34, 2.38, 2.38, 2.40, 2.56, 2.92, 3.07, 3.14",0
832,4,0,0,0,-0.9653214220930693,3/11,"0.10, 0.17, 0.31, 2.22, 2.33, 2.40, 2.40, 2.46, 2.94, 3.19, 3.30",0
167,1,0,0,0,-1.2767637379654735,5/11,"2.21, 2.21, 3.02, 3.48, 3.62, 3.62, 3.66, 3.70, 3.78, 3.78, 3.79",0
855,3,1,0,0,-1.1284960876267107,0/11,"1.12, 1.20, 1.29, 1.34, 1.39, 1.50, 1.65, 1.65, 1.65, 1.74, 1.74",0
661,2,0,1,1,0.95808042465543,8/11,"2.19, 2.33, 2.55, 2.60, 2.96, 2.99, 3.00, 3.26, 3.36, 3.39, 3.51",0
40,3,0,0,0,-0.15278036455350308,5/11,"0.10, 0.14, 1.03, 1.03, 1.17, 1.72, 2.15, 2.39, 2.43, 2.44, 2.48",0
572,1,0,0,0,-1.4969065961790937,1/11,"1.55, 2.07, 2.33, 2.60, 2.64, 2.67, 3.13, 3.22, 3.30, 3.48, 3.48",0
367,2,0,0,0,-1.5959251058442072,1/11,"0.66, 0.86, 1.73, 2.28, 2.36, 2.50, 2.60, 2.73, 2.89, 2.93, 2.97",0
620,1,1,1,1,1.0555153633433259,11/11,"0.12, 0.12, 0.12, 0.15, 0.15, 0.20, 0.20, 0.23, 0.23, 0.28, 0.28",0
636,5,0,0,0,-1.017437740984909,1/11,"0.00, 0.01, 0.13, 0.13, 0.15, 0.30, 0.30, 0.34, 0.45, 0.50, 0.60",1
104,2,1,1,1,1.155385414790681,8/11,"0.01, 0.02, 0.09, 0.09, 0.09, 0.09, 0.09, 0.12, 0.16, 0.17, 0.18",0
599,4,1,1,1,1.0001125125608041,8/11,"0.00, 0.00, 0.00, 0.00, 0.00, 0.00, 0.00, 0.01, 0.14, 2.00, 2.00",3
361,3,1,1,1,2.574375840793171,11/11,"1.40, 3.19, 3.72, 3.84, 4.15, 4.45, 4.45, 4.50, 5.13, 5.21, 5.58",0
244,4,1,1,1,1.0484917293655656,10/11,"0.00, 0.00, 0.01, 0.02, 0.02, 0.02, 0.08, 0.09, 0.09, 0.09, 0.09",0
801,5,1,1,1,1.2922073997669454,10/11,"0.00, 0.09, 0.13, 0.15, 0.20, 0.20, 0.23, 0.30, 0.38, 0.43, 0.45",1
662,1,1,1,1,1.2670322824813747,8/11,"0.40, 0.43, 0.55, 0.77, 0.77, 0.86, 0.89, 1.16, 1.39, 1.39, 1.55",0
581,5,0,0,0,-1.3949044730443265,0/11,"0.25, 1.02, 1.32, 1.46, 1.58, 1.61, 1.61, 1.68, 2.06, 2.13, 2.36",0
272,1,0,1,1,1.1442015640155114,10/11,"0.13, 0.13, 0.14, 0.15, 0.19, 0.21, 0.21, 0.22, 0.22, 0.22, 0.22",0
427,2,0,0,0,-0.995399618405292,1/11,"0.08, 0.30, 1.05, 1.13, 1.13, 1.21, 1.25, 1.25, 1.43, 1.43, 1.47",0
862,2,1,1,1,0.9140552836329141,9/11,"0.78, 1.05, 1.05, 1.06, 1.06, 1.06, 1.06, 1.10, 1.11, 1.11, 1.14",0
397,3,1,1,1,0.38992533822088116,7/11,"0.02, 0.09, 0.17, 0.23, 0.30, 0.45, 0.48, 0.54, 0.60, 0.69, 0.71",0
866,2,0,0,0,-1.123399544603435,0/11,"0.20, 0.45, 0.65, 0.65, 0.65, 0.72, 0.75, 1.03, 1.03, 1.05, 1.06",0
747,3,1,1,1,0.8745017454291328,9/11,"0.15, 1.09, 1.28, 1.47, 1.58, 1.61, 1.69, 1.78, 1.94, 1.98, 2.01",0
373,1,1,1,1,1.0001012991637959,9/11,"0.00, 0.00, 0.00, 0.01, 0.01, 0.04, 0.08, 0.08, 0.08, 0.08, 0.08",1
624,4,1,1,1,1.0341452452479984,10/11,"0.00, 0.00, 0.00, 0.00, 0.00, 0.01, 0.02, 0.05, 0.08, 0.08, 0.08",0
309,5,1,1,1,1.0762846305184095,11/11,"0.32, 1.62, 1.65, 1.65, 2.14, 2.34, 2.37, 2.43, 2.51, 2.57, 2.95",0
78,2,1,1,1,1.025489445380311,10/11,"0.00, 0.00, 0.00, 0.00, 0.00, 0.00, 0.00, 0.00, 0.00, 0.00, 0.00",8
424,2,1,0,1,0.035306826839226924,5/11,"0.33, 0.34, 1.00, 1.45, 1.60, 1.62, 1.73, 1.85, 1.88, 1.93, 1.96",0
537,3,1,0,1,1.024044639005102,5/11,"0.00, 0.17, 0.19, 0.22, 0.23, 0.30, 0.45, 0.61, 0.68, 0.68, 0.82",1
129,4,0,1,0,-0.46675792967329244,6/11,"1.41, 1.41, 2.19, 2.49, 2.49, 3.27, 3.38, 3.39, 3.94, 3.94, 4.20",0
51,1,1,1,1,1.6455749944184754,11/11,"0.46, 0.54, 0.70, 1.56, 2.27, 2.43, 2.44, 2.58, 2.60, 2.61, 3.33",0
664,4,1,1,1,1.1760149580914003,10/11,"0.08, 0.09, 0.09, 0.15, 0.16, 0.16, 0.17, 0.18, 0.24, 0.24, 0.24",0
267,2,1,1,1,2.11699919590634,11/11,"0.68, 1.05, 1.13, 2.44, 2.67, 2.80, 2.82, 2.83, 3.02, 3.10, 3.25",0
473,5,0,0,0,-1.3853589226972989,0/11,"0.97, 1.48, 1.90, 2.06, 2.10, 2.15, 2.23, 2.38, 2.84, 2.87, 2.93",0
184,4,0,0,0,-0.5333217925059444,4/11,"1.35, 1.45, 1.50, 3.34, 3.48, 3.49, 3.50, 3.56, 3.71, 3.73, 3.97",0
171,1,1,1,1,0.9830589339853697,9/11,"0.02, 0.21, 0.21, 0.44, 0.52, 0.52, 0.88, 0.90, 1.37, 1.37, 1.43",0
182,3,1,1,1,0.9267746200500155,7/11,"0.02, 2.01, 2.04, 2.15, 2.15, 2.16, 2.16, 2.16, 2.16, 2.16, 2.30",0
59,3,0,0,0,-2.848829575685893,1/11,"1.13, 1.43, 2.09, 2.19, 2.32, 2.56, 2.57, 2.80, 3.01, 3.07, 3.31",0
2,4,0,0,0,-1.2811776228779053,0/11,"0.95, 1.21, 1.37, 1.38, 1.40, 1.47, 1.50, 1.57, 1.77, 1.99, 2.12",0
750,4,1,1,1,1.0777605250398636,6/11,"0.15, 0.46, 0.73, 0.77, 2.00, 2.04, 2.08, 2.08, 2.08, 2.08, 2.08",0
763,4,0,1,1,0.8198231706348054,8/11,"0.06, 0.15, 0.15, 0.27, 0.38, 0.69, 0.70, 0.77, 0.77, 1.01, 1.16",0
94,2,1,1,1,1.2396395717054622,9/11,"1.80, 1.99, 2.03, 2.09, 2.17, 2.28, 2.67, 2.77, 2.78, 2.85, 2.85",0
89,3,0,0,0,-1.0021383696139978,1/11,"0.07, 2.30, 3.04, 3.26, 5.26, 5.55, 6.45, 6.66, 6.80, 7.38, 7.58",0
412,5,1,1,1,0.9996191064920563,10/11,"0.02, 0.02, 0.02, 0.02, 0.02, 0.02, 0.02, 0.02, 0.02, 0.19, 0.37",0
724,5,1,1,1,1.3768752970179545,11/11,"0.09, 0.15, 0.15, 0.27, 0.32, 0.58, 0.58, 0.60, 0.83, 1.05, 1.10",0
193,1,0,1,1,0.41214371231975466,7/11,"0.11, 0.19, 0.54, 0.70, 0.98, 0.99, 1.15, 1.17, 1.22, 1.22, 1.29",0
609,4,0,0,0,-2.3686549991166004,1/11,"1.46, 2.23, 2.62, 3.10, 3.12, 3.35, 3.58, 3.71, 3.82, 4.00, 4.08",0
87,5,1,1,1,0.2646148021508534,8/11,"2.34, 2.72, 2.90, 3.05, 3.05, 3.24, 3.97, 4.31, 4.37, 4.60, 4.68",0
864,5,1,1,1,2.3037337681289936,10/11,"0.00, 2.00, 2.00, 2.00, 6.72, 6.92, 6.92, 8.36, 8.51, 8.81, 8.87",1
265,3,1,0,0,-1.0000188140804298,1/11,"0.00, 0.00, 0.00, 0.00, 0.00, 0.00, 0.00, 0.00, 0.00, 1.04, 2.00",5
4,4,0,0,0,-0.9756007224793848,2/11,"0.36, 1.46, 1.73, 1.76, 2.09, 2.13, 2.15, 2.15, 2.18, 2.33, 2.35",0
336,3,1,1,1,1.2435669923279888,10/11,"0.00, 0.00, 0.00, 0.00, 0.00, 0.00, 0.00, 0.00, 0.00, 0.00, 0.00",7
728,1,0,0,0,-1.00031156152746,2/11,"0.00, 0.00, 0.00, 0.00, 0.00, 0.00, 0.00, 0.00, 0.00, 0.00, 0.01",0
679,2,1,1,1,3.93944269694852,8/11,"2.44, 3.04, 3.86, 4.79, 4.96, 5.12, 7.08, 7.74, 7.75, 7.83, 7.85",0
591,3,1,1,1,1.449283582042345,10/11,"0.00, 0.02, 0.08, 0.09, 0.16, 0.17, 0.18, 0.22, 0.23, 0.24, 0.24",0
597,2,0,0,0,-1.6464054960977614,4/11,"2.37, 2.38, 2.46, 2.61, 2.61, 2.61, 2.92, 2.94, 2.95, 3.07, 3.10",0
507,1,0,0,0,-1.2922830670142877,1/11,"0.91, 0.94, 1.38, 1.40, 1.94, 1.99, 2.46, 2.73, 2.74, 2.74, 2.78",0
780,1,0,0,0,-1.215909033290905,1/11,"2.17, 2.24, 2.56, 3.22, 3.28, 3.46, 3.63, 3.67, 3.94, 3.99, 4.08",0
711,3,0,0,0,-1.2575430897588646,1/11,"0.41, 0.41, 0.60, 0.70, 0.83, 1.15, 1.63, 2.03, 2.27, 2.37, 2.37",0
352,2,1,1,1,0.9941225626593371,7/11,"0.01, 0.09, 0.14, 0.16, 0.16, 0.17, 0.17, 0.65, 2.10, 2.13, 2.38",0
672,5,1,0,1,0.5106736834384205,5/11,"0.11, 0.32, 0.83, 0.84, 0.97, 1.28, 1.35, 1.51, 1.52, 1.56, 1.73",0
399,2,1,1,1,0.9747618413653873,10/11,"0.05, 0.05, 0.05, 0.12, 0.20, 0.23, 0.30, 0.30, 0.35, 0.35, 0.38",0
29,3,0,0,0,-1.0005730948799212,2/11,"0.00, 0.00, 0.00, 0.00, 0.00, 0.00, 0.00, 0.00, 0.01, 1.03, 2.00",2
77,1,1,1,1,1.0475569812586878,10/11,"0.00, 0.00, 0.00, 0.00, 0.00, 0.00, 0.00, 0.00, 0.00, 0.00, 0.00",9
723,2,1,1,1,1.180840235930612,9/11,"0.00, 0.00, 0.09, 0.12, 0.20, 0.20, 0.23, 0.30, 0.30, 0.32, 0.38",2
450,1,0,1,1,1.0176915786283098,8/11,"0.15, 0.23, 0.38, 0.55, 0.62, 0.62, 0.69, 0.73, 0.79, 0.85, 0.85",0
228,1,1,1,1,1.0402506235008468,10/11,"0.04, 0.04, 0.05, 0.05, 0.05, 0.05, 0.05, 0.05, 0.05, 0.05, 0.06",0
762,4,1,1,1,1.1844996591649704,10/11,"0.09, 0.09, 0.17, 0.17, 0.17, 0.25, 0.25, 0.25, 0.26, 0.31, 0.46",0
31,2,1,0,1,0.8339825862409731,4/11,"0.06, 0.40, 0.65, 1.26, 1.35, 1.39, 1.53, 1.89, 2.16, 2.30, 2.33",0
301,4,0,0,0,-1.000040576133145,2/11,"0.00, 0.00, 0.00, 0.00, 0.00, 0.00, 0.00, 0.00, 0.00, 0.00, 0.00",5
165,4,1,1,1,1.6101421094650874,10/11,"0.08, 0.46, 1.00, 1.15, 2.03, 2.75, 2.95, 3.10, 3.12, 3.33, 3.45",0
719,2,1,1,1,1.0232598092164784,11/11,"0.13, 0.14, 0.14, 0.14, 0.14, 0.14, 0.14, 0.14, 0.14, 0.16, 0.16",0
221,4,0,1,1,0.9406362362800138,9/11,"0.01, 0.09, 0.09, 0.09, 0.10, 0.15, 0.16, 0.16, 0.16, 0.23, 0.23",0
256,1,0,0,1,0.3182152350861651,5/11,"2.11, 2.18, 2.23, 2.41, 2.48, 2.61, 3.02, 3.18, 3.22, 3.44, 3.70",0
453,2,1,0,1,0.5885050214191898,4/11,"0.20, 0.40, 0.81, 1.13, 1.41, 1.78, 1.83, 2.01, 2.04, 2.06, 2.10",0
317,4,0,0,0,-0.8796336249048977,1/11,"0.31, 0.38, 1.20, 1.20, 1.32, 1.38, 1.41, 1.48, 1.48, 1.51, 1.51",0
650,3,0,1,1,0.27286975544860037,7/11,"0.01, 0.08, 0.10, 0.12, 0.14, 0.15, 0.15, 0.31, 0.37, 0.38, 0.55",0
248,4,0,0,0,-2.396810416539182,1/11,"0.49, 0.92, 1.56, 1.88, 1.89, 1.95, 2.04, 2.19, 2.20, 2.30, 2.53",0
849,4,1,1,1,0.15534193740573699,11/11,"1.30, 1.47, 1.65, 1.73, 1.78, 1.81, 1.86, 1.88, 1.88, 1.93, 1.96",0
695,5,1,1,1,1.0357659372303598,8/11,"0.15, 0.15, 0.20, 0.23, 0.30, 0.31, 0.38, 0.46, 0.68, 0.69, 0.90",0
501,2,1,1,1,0.9465669252087514,8/11,"0.00, 0.00, 0.03, 0.09, 0.09, 0.09, 0.09, 0.16, 0.16, 0.16, 0.17",2
324,4,0,0,0,-1.5527243178361516,0/11,"0.25, 1.23, 1.37, 1.50, 1.58, 1.77, 1.82, 1.82, 1.85, 1.98, 2.12",0
885,5,1,1,1,1.3896233239327895,10/11,"0.00, 0.00, 0.02, 0.06, 0.08, 0.09, 0.09, 0.10, 0.13, 0.15, 0.17",1
239,1,1,1,1,0.8654976801849239,10/11,"0.00, 0.05, 0.10, 0.10, 0.23, 0.31, 0.36, 0.36, 0.39, 0.43, 0.51",1
121,1,1,1,1,1.0103138507199612,10/11,"0.23, 0.85, 2.04, 2.06, 2.50, 2.64, 2.89, 3.03, 3.08, 3.09, 3.09",0
566,1,1,1,1,1.757206435031926,10/11,"1.06, 1.10, 1.29, 1.29, 1.31, 1.52, 1.68, 1.70, 1.77, 1.99, 2.11",0
510,3,0,1,1,1.295975862824055,8/11,"0.15, 0.45, 0.45, 1.00, 1.01, 1.01, 1.01, 1.02, 1.07, 1.08, 1.09",0
856,3,0,1,0,-0.08497436481898579,7/11,"0.74, 1.22, 1.30, 1.52, 1.57, 1.58, 1.59, 1.60, 1.66, 1.72, 1.72",0
683,2,1,1,1,1.009197992737919,10/11,"0.01, 0.01, 0.02, 0.02, 0.04, 0.07, 0.10, 0.10, 0.10, 0.10, 0.10",0
237,2,1,1,1,1.2121071054254122,10/11,"0.17, 0.75, 0.75, 0.85, 0.90, 1.22, 1.26, 1.32, 1.35, 1.43, 1.50",0
74,3,1,1,1,1.3626456315665976,7/11,"0.97, 1.10, 1.11, 1.21, 1.21, 1.32, 1.32, 1.47, 1.68, 1.73, 2.07",0
804,1,0,0,0,-0.7080912302185487,5/11,"2.06, 2.21, 2.37, 2.51, 2.55, 2.79, 2.85, 2.94, 2.94, 3.17, 3.23",0
643,3,1,1,0,-0.12392623563732319,6/11,"0.52, 1.17, 1.53, 1.62, 1.85, 2.41, 2.60, 2.90, 3.39, 3.47, 3.98",0
551,2,0,1,0,-0.42048372768784303,7/11,"2.60, 2.62, 3.13, 3.51, 3.54, 3.65, 3.93, 4.19, 4.28, 4.33, 4.33",0
822,5,0,1,1,1.4640133141513385,11/11,"0.02, 0.09, 0.09, 0.09, 0.09, 0.09, 0.16, 0.17, 0.17, 0.17, 0.18",0
379,3,1,1,1,0.850596382065153,8/11,"0.07, 0.22, 0.33, 0.44, 0.70, 0.75, 0.81, 1.20, 1.56, 1.62, 1.97",0
136,1,1,1,1,1.0985604562068625,10/11,"1.05, 1.61, 1.92, 2.02, 2.04, 2.04, 2.08, 2.12, 2.16, 2.19, 2.19",0
577,2,0,0,0,-1.0349739190482035,0/11,"0.05, 0.11, 0.15, 0.15, 0.42, 0.45, 0.46, 0.50, 0.57, 0.75, 1.03",0
278,3,1,1,1,1.0002864963724007,9/11,"0.00, 0.00, 0.00, 0.27, 2.00, 2.15, 2.15, 2.15, 2.15, 2.15, 2.16",3
881,1,0,0,0,-1.5374820147123591,1/11,"0.60, 0.75, 0.98, 1.05, 1.19, 1.36, 1.54, 1.57, 1.57, 1.60, 1.69",0
692,3,0,0,0,-1.4607040096663824,5/11,"1.07, 1.29, 1.95, 2.06, 2.12, 2.21, 2.21, 2.25, 2.37, 2.94, 2.94",0
744,4,1,1,1,1.4601775160380726,9/11,"0.24, 0.24, 0.56, 0.62, 0.65, 0.72, 1.07, 1.10, 1.11, 1.12, 1.12",0
12,1,0,1,0,-1.0696920848583522,6/11,"0.71, 0.79, 2.15, 2.15, 2.31, 2.31, 2.34, 2.40, 2.43, 2.54, 2.54",0
83,3,0,0,0,-1.0001797491215954,1/11,"0.00, 0.00, 0.00, 0.00, 0.00, 0.00, 0.00, 0.00, 0.00, 1.04, 2.00",0
95,4,1,1,1,1.1128243006242968,11/11,"0.17, 0.62, 0.62, 0.71, 0.86, 0.91, 1.08, 1.16, 1.17, 1.17, 1.24",0
234,4,0,1,1,1.803519149929258,10/11,"0.31, 0.46, 1.24, 1.39, 2.09, 2.24, 2.31, 2.55, 2.63, 3.17, 3.39",0
506,5,1,0,0,-0.38851071259781267,4/11,"1.33, 2.31, 2.47, 2.95, 3.59, 3.59, 3.64, 3.66, 3.68, 3.77, 3.88",0
738,5,0,0,1,1.0265665961629555,3/11,"2.00, 8.40, 8.70, 9.22, 9.71, 10.04, 10.24, 10.31, 10.38, 10.53, 10.67",0
243,3,1,1,1,1.0865503953560463,10/11,"0.07, 0.13, 0.13, 0.13, 0.20, 0.22, 0.22, 0.34, 0.35, 0.35, 0.37",0
21,5,1,1,1,1.3076213422067238,10/11,"0.30, 0.34, 0.36, 0.36, 0.41, 0.45, 0.56, 0.58, 0.58, 0.60, 0.66",0
716,3,1,1,1,1.0366820309327849,10/11,"0.00, 0.01, 0.01, 0.01, 0.01, 0.05, 0.08, 0.08, 0.08, 0.08, 0.08",0
287,3,0,1,1,1.3529286630353183,9/11,"0.03, 0.03, 0.05, 0.10, 0.11, 0.11, 0.15, 0.15, 0.18, 0.18, 0.18",0
767,2,1,1,1,0.9104647158320296,7/11,"0.18, 0.22, 2.05, 2.08, 2.18, 2.24, 2.24, 2.25, 2.25, 2.45, 2.59",0
584,2,1,0,1,0.7745363134689802,4/11,"0.33, 0.47, 0.48, 1.36, 1.54, 1.59, 1.63, 1.68, 1.85, 2.00, 2.25",0
466,4,1,1,1,1.181168928111049,10/11,"0.02, 0.03, 0.09, 0.09, 0.23, 0.23, 0.25, 0.29, 0.32, 0.32, 0.32",0
722,5,1,1,1,1.340689291766574,10/11,"0.62, 0.62, 0.72, 0.83, 0.90, 0.93, 0.97, 0.97, 1.02, 1.02, 1.02",0
592,5,0,0,0,-2.0741056787583068,0/11,"0.15, 0.26, 0.56, 0.67, 1.14, 1.20, 2.33, 2.38, 2.63, 2.63, 2.83",0
349,3,0,0,0,-0.11620720031826726,2/11,"0.17, 1.17, 1.21, 1.50, 2.06, 2.09, 2.20, 2.21, 2.22, 2.28, 2.34",0
669,3,1,1,1,1.5452885961590297,10/11,"0.07, 0.08, 0.09, 0.09, 0.17, 0.30, 0.30, 0.32, 0.38, 0.38, 0.39",0
789,2,0,0,0,-0.41708692740193043,3/11,"1.49, 1.51, 1.67, 2.41, 2.58, 2.66, 3.05, 3.32, 3.41, 3.45, 3.45",0
403,3,1,1,1,0.6038392556274814,8/11,"0.07, 0.19, 0.34, 0.39, 0.50, 0.92, 0.95, 0.97, 1.00, 1.07, 1.12",0
282,1,1,1,1,1.2000802686836574,10/11,"0.00, 0.00, 0.03, 0.08, 0.08, 0.08, 0.09, 0.16, 0.16, 0.16, 0.16",0
20,1,0,1,0,-0.9456815751262786,9/11,"0.00, 1.04, 1.04, 2.00, 2.00, 2.00, 2.00, 2.00, 2.00, 2.00, 2.00",0
69,5,0,1,1,2.191930235126855,10/11,"0.96, 1.11, 1.41, 1.85, 1.97, 2.49, 2.74, 3.04, 3.11, 3.56, 4.00",0
508,1,0,1,1,1.0000828354909226,11/11,"0.00, 0.01, 0.01, 0.08, 0.16, 0.29, 0.49, 2.02, 2.22, 2.22, 2.24",1
515,5,1,1,1,1.345345795948597,11/11,"0.01, 0.01, 0.04, 0.05, 0.08, 0.08, 0.08, 0.08, 0.11, 0.15, 0.16",0
843,1,0,0,0,-1.0707917008181402,2/11,"0.48, 0.81, 1.00, 1.14, 1.18, 1.18, 1.40, 1.43, 1.59, 2.06, 2.16",0
887,3,1,1,1,1.0575021139507939,10/11,"0.07, 0.13, 0.13, 0.15, 0.15, 0.22, 0.22, 0.27, 0.28, 0.30, 0.30",0
346,5,0,0,0,-1.0677759296020273,1/11,"0.00, 0.28, 0.30, 0.31, 0.43, 0.45, 0.58, 0.60, 0.64, 0.66, 0.75",1
437,3,1,1,1,0.9030126385591941,7/11,"0.90, 1.91, 2.34, 2.56, 2.60, 3.01, 3.02, 3.07, 3.23, 3.28, 3.38",0
761,5,1,1,1,1.3304714881772466,10/11,"0.00, 0.11, 0.13, 0.14, 0.14, 0.14, 0.14, 0.14, 0.14, 0.14, 0.14",1
312,5,0,0,0,-1.306741846982013,3/11,"0.23, 3.32, 3.40, 4.28, 5.02, 5.64, 5.86, 6.49, 6.65, 6.71, 6.78",0
608,5,0,0,1,0.4526916917172994,4/11,"0.16, 0.18, 0.69, 0.73, 0.76, 0.77, 1.22, 1.42, 1.44, 1.44, 1.46",0
331,5,0,0,0,-0.9612348532853534,2/11,"1.10, 1.10, 2.00, 2.19, 2.20, 2.20, 2.20, 2.20, 2.20, 2.20, 2.20",0
130,3,1,1,1,1.5626708921511507,10/11,"0.10, 0.16, 0.24, 0.24, 0.24, 0.26, 0.30, 0.40, 0.45, 0.46, 0.47",0
11,1,0,0,0,-0.40083584053950627,5/11,"1.90, 1.97, 2.05, 2.09, 2.10, 2.12, 2.13, 2.15, 2.16, 2.20, 2.25",0
264,4,1,0,1,0.9031304599390211,5/11,"0.08, 0.15, 0.64, 0.68, 0.83, 0.84, 0.91, 0.92, 0.92, 0.99, 1.05",0
306,4,0,0,0,-1.3303639568958374,3/11,"1.41, 3.32, 3.85, 4.63, 4.99, 5.07, 5.22, 5.40, 5.51, 5.93, 6.00",0
196,5,0,0,0,-2.145338267076176,0/11,"1.89, 2.63, 2.71, 2.82, 2.96, 2.97, 3.12, 3.12, 3.26, 3.62, 3.74",0
382,3,0,0,0,-2.1582611458415597,4/11,"2.10, 2.35, 2.56, 2.74, 3.10, 3.38, 3.44, 3.45, 3.59, 3.74, 3.74",0
377,5,0,1,1,0.36359526233609896,7/11,"0.06, 0.07, 0.08, 0.08, 0.09, 0.18, 0.24, 0.31, 0.31, 0.31, 0.46",0
293,4,1,1,1,1.207513554291097,10/11,"1.04, 1.55, 1.62, 2.00, 2.05, 2.12, 2.16, 2.16, 2.16, 2.18, 2.23",0
188,2,0,1,1,1.0145439382440975,7/11,"0.00, 0.17, 0.17, 0.23, 0.29, 0.60, 0.62, 0.68, 0.76, 0.83, 0.83",1
726,3,1,1,1,1.0730725079765093,10/11,"0.01, 0.01, 0.02, 0.02, 0.07, 0.07, 0.09, 0.09, 0.09, 0.09, 0.09",0
459,4,0,0,0,-1.0267181565635326,1/11,"0.49, 0.66, 1.12, 1.12, 1.23, 1.28, 1.36, 1.56, 1.58, 1.71, 1.73",0
465,3,1,1,1,1.2433599936119932,10/11,"0.00, 0.00, 0.00, 0.00, 0.00, 0.00, 0.00, 0.00, 0.00, 0.00, 0.00",7
528,4,1,1,1,1.1583338453329333,6/11,"3.73, 3.74, 3.82, 3.84, 3.91, 3.91, 3.92, 3.92, 4.70, 4.75, 5.31",0
793,4,1,1,1,1.49764158797516,10/11,"0.00, 2.00, 2.00, 2.00, 6.81, 6.83, 6.83, 7.50, 8.45, 8.45, 8.60",1
603,4,1,1,1,1.0254268244367353,7/11,"0.14, 0.15, 0.23, 0.25, 0.32, 0.32, 0.33, 0.33, 2.06, 2.25, 2.28",0
632,2,1,1,1,1.0664450106984253,11/11,"0.01, 0.02, 0.09, 0.24, 0.28, 0.30, 0.36, 0.45, 0.55, 0.61, 0.62",0
834,1,1,1,1,1.1017420027467546,10/11,"0.00, 0.03, 0.08, 0.08, 0.08, 0.08, 0.08, 0.09, 0.09, 0.09, 0.09",0
297,1,1,1,1,1.0835235421948761,8/11,"0.12, 0.12, 0.12, 0.27, 0.33, 0.39, 0.44, 0.50, 0.50, 0.75, 0.90",0
53,1,0,0,0,-1.4642672726800248,1/11,"0.26, 0.42, 0.71, 0.77, 0.88, 0.95, 1.88, 2.07, 2.08, 2.14, 2.18",0
58,4,1,1,1,0.978904940142499,8/11,"0.05, 0.12, 0.12, 0.27, 0.36, 0.38, 0.42, 0.50, 0.50, 0.51, 0.72",0
699,3,1,1,1,1.0643963931332976,6/11,"1.43, 1.48, 1.71, 2.05, 2.75, 2.86, 2.87, 3.16, 3.32, 3.42, 3.45",0
840,1,0,1,1,1.0009895409546141,10/11,"0.04, 0.18, 2.02, 2.06, 2.07, 2.07, 2.10, 2.24, 2.27, 2.28, 2.29",0
544,5,0,1,1,1.2556673948639425,10/11,"0.15, 0.26, 0.33, 0.38, 0.77, 0.90, 1.14, 1.27, 1.29, 1.31, 1.31",0
468,4,1,1,1,1.0077286426218421,8/11,"0.16, 0.31, 0.38, 0.39, 0.46, 0.52, 0.61, 0.62, 0.69, 0.71, 0.84",0
871,4,1,1,1,1.1035273088590003,10/11,"0.00, 0.00, 0.00, 0.08, 0.08, 0.09, 0.09, 0.09, 0.09, 0.12, 0.15",1
345,2,1,1,1,1.202230849729711,9/11,"0.05, 0.12, 0.15, 0.15, 0.23, 0.24, 0.32, 0.35, 0.38, 0.45, 0.45",0
876,5,0,0,0,-0.9087065836564594,4/11,"0.15, 1.09, 1.10, 1.13, 1.68, 2.02, 2.09, 2.23, 2.24, 2.25, 2.38",0
305,3,1,1,1,1.2433599936119932,10/11,"0.00, 0.00, 0.00, 0.00, 0.00, 0.00, 0.00, 0.00, 0.00, 0.00, 0.00",7
878,5,1,1,1,1.1078185100915416,11/11,"0.00, 0.00, 0.01, 0.01, 0.05, 0.08, 0.08, 0.08, 0.08, 0.08, 0.09",0
217,5,0,1,1,0.4866269039991462,8/11,"0.08, 0.08, 0.15, 0.24, 0.25, 0.30, 0.30, 0.31, 0.42, 0.43, 0.46",0
783,4,1,0,1,0.8418393688517227,4/11,"0.16, 0.45, 0.53, 0.56, 0.61, 0.61, 0.81, 1.07, 1.29, 1.30, 1.30",0
756,1,0,0,0,-1.124446310269696,2/11,"0.09, 0.26, 0.32, 0.39, 1.39, 2.21, 2.32, 2.42, 2.44, 2.57, 2.88",0
628,3,0,0,0,-1.0912333760917605,0/11,"0.39, 0.55, 0.99, 1.07, 1.31, 1.61, 1.81, 2.33, 2.40, 2.40, 2.43",0
238,4,0,0,0,-3.3745598360861493,0/11,"1.03, 1.20, 1.77, 1.92, 2.08, 2.39, 2.56, 2.56, 2.61, 2.89, 2.94",0
43,5,1,1,1,0.9994763801666917,10/11,"0.00, 0.01, 0.01, 0.01, 0.01, 0.01, 0.01, 0.01, 0.14, 2.00, 2.00",1
517,1,0,0,0,-0.9886625645484974,0/11,"0.05, 0.16, 0.20, 0.20, 0.20, 0.27, 0.36, 0.39, 0.50, 0.51, 0.51",0
523,5,1,1,1,1.0002253401603067,8/11,"0.00, 0.00, 0.00, 0.00, 0.00, 0.00, 0.00, 0.01, 0.16, 2.00, 2.00",3
187,3,0,0,0,-0.9996770552587819,1/11,"0.00, 1.03, 1.03, 1.04, 1.04, 1.04, 1.04, 1.04, 1.04, 1.04, 1.04",1
156,4,1,1,1,0.839072332322047,6/11,"1.09, 1.71, 1.99, 2.08, 2.15, 2.19, 2.25, 2.42, 2.55, 2.61, 2.73",0
865,3,1,1,1,1.0027880301579912,10/11,"0.05, 0.07, 0.07, 0.07, 0.07, 0.13, 0.20, 0.30, 0.35, 0.37, 0.43",0
454,5,0,0,1,0.5247422022395736,5/11,"0.34, 1.73, 1.77, 2.27, 2.34, 2.42, 2.61, 2.72, 2.79, 2.84, 2.85",0
380,4,1,1,1,0.999436398003752,10/11,"0.00, 0.00, 0.01, 0.01, 0.01, 0.05, 0.08, 0.08, 0.08, 0.08, 0.08",0
812,2,1,1,1,1.1303704510687373,11/11,"0.38, 0.39, 0.47, 0.51, 0.53, 0.53, 0.60, 0.62, 0.68, 0.68, 0.70",0
574,5,0,0,0,-0.9998139041533765,3/11,"0.00, 0.00, 0.00, 0.00, 0.00, 0.00, 0.00, 0.00, 0.00, 0.00, 0.01",6
122,2,1,1,1,1.025489445380311,10/11,"0.00, 0.00, 0.00, 0.00, 0.00, 0.00, 0.00, 0.00, 0.00, 0.00, 0.00",8
131,3,1,1,1,1.2595880434283557,9/11,"0.15, 0.24, 0.35, 0.54, 0.61, 0.72, 0.75, 0.84, 0.95, 0.99, 2.00",0
56,1,0,1,1,1.0022580689512575,11/11,"0.01, 0.08, 0.13, 0.17, 0.18, 0.18, 0.66, 2.08, 2.14, 2.39, 2.39",0
159,3,1,1,1,1.2425428088427324,10/11,"0.01, 0.01, 0.01, 0.01, 0.01, 0.01, 0.01, 0.01, 0.02, 0.02, 0.02",0
588,2,0,1,1,1.1382559711675333,7/11,"1.42, 1.58, 1.89, 2.22, 2.28, 2.53, 2.94, 3.22, 3.26, 3.27, 3.36",0
39,3,1,1,1,0.8518907110227516,7/11,"0.88, 1.16, 1.19, 1.51, 1.61, 1.97, 2.15, 2.19, 2.21, 2.22, 2.23",0
18,4,0,1,1,1.0626472165069742,10/11,"0.26, 0.26, 0.26, 2.02, 2.03, 2.03, 2.04, 2.07, 2.09, 2.10, 2.10",0
765,2,1,1,1,0.9237319914194819,9/11,"0.01, 0.03, 0.09, 0.09, 0.09, 0.15, 0.16, 0.23, 0.23, 0.23, 0.23",0
430,5,0,1,1,1.639989549873101,8/11,"0.00, 0.00, 0.00, 0.00, 0.08, 0.08, 0.08, 0.08, 0.09, 0.11, 0.11",0
495,2,1,1,1,1.0290234555148123,10/11,"0.00, 0.00, 0.00, 0.00, 0.00, 0.01, 0.05, 0.08, 0.08, 0.08, 0.08",0
191,4,0,0,0,-1.0046797021660723,1/11,"0.15, 0.15, 0.20, 0.31, 0.31, 0.31, 0.31, 0.31, 0.39, 0.43, 0.61",0
123,3,1,1,1,1.1348705440679836,9/11,"0.31, 1.49, 1.51, 1.90, 2.12, 2.20, 2.42, 2.77, 2.94, 3.09, 3.11",0
348,5,0,0,0,-0.05583881678264535,5/11,"0.00, 1.11, 1.11, 2.01, 2.01, 2.04, 2.08, 2.77, 2.78, 2.83, 2.93",1
491,5,1,1,1,1.3998181560274159,10/11,"0.00, 1.05, 1.16, 1.18, 1.19, 1.19, 1.19, 1.19, 1.19, 1.19, 1.19",1
627,5,1,1,1,1.6337782303994512,11/11,"2.26, 2.39, 2.45, 2.52, 2.69, 2.70, 2.72, 2.81, 3.02, 3.11, 3.12",0
364,2,1,1,1,1.1633752701005966,10/11,"0.00, 0.08, 0.09, 0.09, 0.17, 0.20, 0.23, 0.24, 0.24, 0.24, 0.24",0
178,5,1,0,0,-1.5630127015469018,0/11,"0.47, 1.32, 1.55, 1.90, 2.05, 2.11, 2.14, 2.21, 2.31, 2.38, 2.40",0
623,5,0,1,1,0.8558498923048543,7/11,"0.41, 0.56, 1.77, 1.85, 1.99, 2.25, 2.40, 2.41, 2.48, 2.56, 2.56",0
107,1,0,1,0,-0.09306427881180124,6/11,"0.08, 0.16, 0.16, 0.23, 0.23, 0.25, 0.31, 0.39, 0.47, 0.55, 0.72",0
32,3,0,0,0,-2.1827996277191586,0/11,"1.19, 1.33, 1.61, 2.27, 3.37, 3.67, 3.96, 3.96, 4.16, 4.21, 4.32",0
641,2,1,1,1,1.01068965430971,10/11,"0.00, 0.00, 0.01, 0.01, 0.03, 0.05, 0.08, 0.08, 0.08, 0.08, 0.08",0
635,4,1,1,1,1.2582377893385654,10/11,"0.54, 1.01, 1.07, 1.16, 1.47, 1.85, 1.95, 1.99, 2.08, 2.80, 3.01",0
803,3,0,0,0,-0.5412858303084633,3/11,"1.41, 1.87, 3.51, 3.77, 4.23, 4.60, 4.81, 4.85, 4.97, 5.09, 5.10",0
422,2,1,1,1,1.3084301839831005,9/11,"0.75, 2.00, 2.00, 2.00, 2.00, 2.00, 2.00, 2.01, 2.05, 2.08, 2.08",0
558,4,1,0,1,1.4022467619290921,3/11,"3.76, 3.96, 4.00, 4.34, 4.56, 4.58, 5.23, 5.54, 5.72, 5.85, 5.85",0
784,1,1,1,1,2.2592414329189205,9/11,"2.00, 2.56, 2.56, 2.63, 2.77, 3.40, 3.57, 3.57, 3.66, 3.68, 3.69",0
381,3,0,0,0,-1.3689902578679167,0/11,"2.00, 2.27, 2.35, 2.67, 2.87, 3.31, 3.40, 3.67, 3.68, 3.88, 4.06",0
401,2,0,1,1,1.1594575704932686,11/11,"0.08, 0.09, 0.17, 0.23, 0.23, 0.24, 0.30, 0.32, 0.38, 0.38, 0.40",0
594,5,1,0,0,-0.29326082519714336,3/11,"2.16, 2.59, 2.59, 2.59, 2.59, 2.59, 2.59, 2.59, 2.59, 2.59, 2.59",0
86,3,0,1,1,1.3507079432133693,6/11,"2.01, 2.28, 2.33, 2.41, 2.51, 2.83, 2.85, 2.91, 2.92, 2.93, 2.96",0
410,1,1,1,1,0.4401623554105578,6/11,"0.00, 3.10, 3.23, 3.23, 3.87, 4.19, 4.20, 4.22, 4.29, 4.29, 4.39",1
593,4,1,1,1,1.175477488647374,11/11,"0.09, 0.16, 0.25, 0.25, 0.25, 0.30, 0.31, 0.32, 0.32, 0.39, 0.39",0
112,1,1,1,1,0.234960435610156,7/11,"0.10, 1.08, 1.10, 1.16, 1.69, 2.42, 2.51, 2.59, 2.76, 2.89, 2.92",0
250,3,1,1,1,1.0390881478678622,11/11,"0.75, 0.88, 0.92, 1.12, 1.27, 1.28, 1.38, 1.44, 1.47, 1.50, 1.51",0
670,2,0,0,0,-1.3164073635152442,1/11,"0.00, 2.21, 2.56, 2.67, 2.67, 2.69, 2.97, 3.06, 3.19, 3.29, 3.32",0
98,3,0,1,1,0.2288910163987239,7/11,"1.66, 1.74, 1.83, 2.13, 2.44, 2.45, 2.52, 2.63, 2.69, 2.71, 2.90",0
587,3,1,1,1,1.160498287483979,11/11,"0.12, 0.27, 0.30, 0.35, 0.40, 0.42, 0.54, 0.75, 0.83, 0.86, 0.92",0
438,2,0,0,0,-0.7972638565822814,1/11,"3.00, 3.01, 3.12, 3.22, 3.60, 3.71, 3.75, 3.77, 3.79, 3.85, 4.38",0
294,2,1,1,0,-0.16523626856366547,6/11,"0.09, 0.10, 0.10, 0.17, 0.17, 0.18, 0.18, 0.24, 0.25, 0.32, 0.47",0
91,1,1,1,1,1.2159954446459347,10/11,"0.00, 0.01, 0.08, 0.08, 0.08, 0.08, 0.10, 0.10, 0.12, 0.16, 0.16",0
63,1,1,1,1,0.8458780734681364,7/11,"0.66, 0.78, 0.81, 0.82, 0.90, 1.18, 1.55, 1.58, 1.65, 1.67, 1.86",0
702,3,0,0,1,0.9456623152821677,5/11,"0.07, 0.08, 0.52, 0.53, 0.59, 0.69, 0.71, 0.75, 0.77, 0.80, 0.84",0
266,1,1,1,1,1.2147307001877232,9/11,"0.05, 0.08, 0.20, 0.20, 0.20, 0.27, 0.28, 0.37, 0.43, 0.51, 0.51",0
676,2,1,1,1,0.9698285095602108,9/11,"0.00, 0.01, 0.08, 0.08, 0.08, 0.08, 0.08, 0.09, 0.09, 0.09, 0.15",0
691,3,0,1,1,0.959784759133204,7/11,"0.10, 0.35, 0.38, 0.53, 0.83, 0.93, 1.01, 1.21, 1.37, 1.44, 1.55",0
62,4,0,0,0,-1.0807808880564664,0/11,"0.51, 0.88, 0.94, 1.34, 1.34, 1.50, 1.62, 1.82, 1.84, 1.85, 1.98",0
5,2,1,1,1,1.1615394437567892,9/11,"0.02, 0.08, 0.09, 0.10, 0.15, 0.18, 0.23, 0.23, 0.23, 0.23, 0.23",0
696,5,1,1,1,1.360706161047511,11/11,"0.01, 0.10, 0.16, 0.31, 0.41, 0.42, 0.72, 0.76, 0.99, 1.12, 1.21",0
303,4,1,1,1,0.982885615007774,10/11,"0.15, 0.16, 0.16, 0.16, 0.16, 0.20, 0.22, 0.23, 0.23, 0.23, 0.23",0
216,5,0,0,0,-2.3837262369344847,0/11,"0.60, 1.16, 1.44, 1.79, 2.11, 2.14, 2.23, 2.41, 2.41, 2.43, 2.48",0
72,3,1,1,1,1.5724023738931734,9/11,"1.57, 1.76, 2.02, 2.15, 2.52, 2.67, 3.41, 3.72, 4.14, 4.28, 4.43",0
133,2,1,1,0,-0.3846815183624608,7/11,"0.62, 0.88, 1.61, 1.73, 1.76, 1.78, 2.05, 2.12, 2.20, 2.20, 2.21",0
175,1,1,1,1,1.0075352385087593,8/11,"0.09, 0.17, 1.24, 1.29, 1.51, 1.72, 1.86, 2.07, 2.08, 2.08, 2.21",0
224,3,1,1,1,1.2435669923279888,10/11,"0.00, 0.00, 0.00, 0.00, 0.00, 0.00, 0.00, 0.00, 0.00, 0.00, 0.00",7
781,2,0,1,0,-0.5647408446125348,6/11,"0.15, 0.44, 1.04, 1.13, 1.17, 1.78, 2.06, 2.09, 2.17, 2.39, 2.39",0
791,5,1,1,1,0.9999721101203474,10/11,"0.00, 0.00, 0.00, 0.00, 0.00, 0.00, 0.00, 0.00, 0.00, 0.17, 0.36",6
41,4,1,1,1,0.011036050246744367,8/11,"0.64, 1.17, 1.18, 1.21, 1.35, 1.36, 1.46, 1.64, 1.65, 1.66, 1.72",0
725,1,0,1,1,0.806147586194947,6/11,"0.33, 0.38, 0.41, 0.77, 1.17, 1.18, 1.26, 1.31, 1.33, 1.49, 1.54",0
30,3,1,1,1,1.2435669923279888,10/11,"0.00, 0.00, 0.00, 0.00, 0.00, 0.00, 0.00, 0.00, 0.00, 0.00, 0.00",7
564,1,1,1,1,1.0474002534605455,10/11,"0.00, 0.00, 0.00, 0.00, 0.00, 0.00, 0.00, 0.00, 0.00, 0.00, 0.00",8
212,2,0,0,0,-1.0725368371063746,0/11,"0.22, 0.27, 0.34, 0.37, 0.47, 0.65, 0.68, 0.68, 0.80, 0.98, 1.25",0
879,4,1,1,1,1.2085014796807627,11/11,"0.00, 0.00, 0.00, 0.00, 0.00, 0.00, 0.00, 0.00, 0.00, 0.00, 0.00",9
423,3,1,1,1,1.3308392308107144,10/11,"0.00, 0.08, 0.08, 0.08, 0.08, 0.08, 0.09, 0.11, 0.11, 0.15, 0.15",0
748,2,0,0,0,-1.0097586287075353,0/11,"0.12, 0.15, 0.15, 0.16, 0.19, 0.27, 0.35, 0.45, 0.45, 0.72, 0.80",0
745,1,0,1,1,1.2442708978637649,8/11,"0.00, 0.04, 0.08, 0.08, 0.08, 0.08, 0.08, 0.11, 0.16, 0.16, 0.16",0
329,3,0,1,1,0.8392340563387435,8/11,"0.15, 0.35, 0.36, 1.34, 1.70, 1.72, 1.97, 2.10, 2.15, 2.16, 2.29",0
435,4,1,1,1,0.8950319855263444,6/11,"0.68, 0.69, 0.94, 1.05, 1.48, 1.53, 1.54, 1.60, 1.60, 1.61, 1.68",0
831,1,0,1,1,0.2377992461295344,7/11,"0.14, 1.04, 1.06, 1.19, 1.73, 2.39, 2.47, 2.55, 2.72, 2.85, 2.88",0
406,3,1,1,1,1.1335102941663464,9/11,"0.10, 0.25, 0.33, 0.72, 0.85, 1.04, 1.04, 1.04, 1.05, 1.13, 1.17",0
513,2,0,1,1,0.9196790912542048,6/11,"0.00, 0.08, 0.16, 0.60, 0.62, 0.64, 0.68, 0.71, 0.76, 0.77, 0.79",0
432,4,0,1,0,-0.2220584072207572,8/11,"0.00, 1.10, 2.00, 2.01, 2.03, 2.03, 2.08, 2.08, 2.65, 2.72, 2.77",1
333,5,1,0,1,0.7735183216286938,4/11,"2.93, 3.10, 3.19, 3.58, 3.60, 3.63, 3.91, 4.05, 4.07, 4.17, 4.20",0
578,3,0,0,0,-0.9926922051982345,2/11,"0.36, 1.35, 1.45, 1.67, 1.96, 2.01, 2.21, 2.24, 2.25, 2.31, 2.32",0
376,1,0,0,0,-1.8012738831974593,3/11,"0.13, 1.20, 2.56, 2.56, 2.96, 3.22, 3.26, 3.26, 3.38, 3.70, 3.73",0
602,1,1,1,1,1.0475569812586878,10/11,"0.00, 0.00, 0.00, 0.00, 0.00, 0.00, 0.00, 0.00, 0.00, 0.00, 0.00",9
869,3,1,1,1,1.2414384440209332,10/11,"0.03, 0.03, 0.03, 0.03, 0.03, 0.03, 0.03, 0.03, 0.03, 0.03, 0.03",0
800,5,1,0,1,0.7443364164213986,5/11,"0.15, 0.36, 0.37, 1.41, 1.89, 1.93, 2.02, 2.11, 2.15, 2.28, 2.33",0
68,2,1,1,1,0.9905355424799274,9/11,"0.00, 0.00, 0.00, 0.01, 0.01, 0.08, 0.08, 0.08, 0.08, 0.08, 0.10",0
47,3,1,1,1,1.0021135615410983,9/11,"0.00, 0.16, 0.18, 0.88, 1.02, 1.04, 1.04, 1.04, 1.04, 1.04, 1.04",1
481,5,1,1,1,2.4476149104449485,11/11,"0.15, 0.38, 1.27, 2.53, 2.53, 2.76, 2.91, 2.91, 2.99, 3.27, 3.42",0
499,3,1,0,0,-1.3180020862132793,0/11,"1.60, 2.89, 3.37, 3.48, 3.80, 3.87, 4.12, 4.13, 4.36, 4.55, 4.64",0
539,2,1,1,1,1.018446925168002,10/11,"0.00, 0.09, 0.11, 0.12, 0.12, 0.12, 0.12, 0.12, 0.12, 0.12, 0.12",1
276,1,0,0,0,-1.6793723599715724,0/11,"0.93, 2.27, 2.28, 2.63, 2.70, 2.86, 2.88, 2.96, 2.96, 3.03, 3.04",0
570,1,0,1,1,1.2566558536462162,9/11,"0.00, 0.00, 0.00, 0.08, 0.08, 0.08, 0.09, 0.11, 0.12, 0.16, 0.16",0
180,2,1,1,1,1.1785615661564555,10/11,"0.14, 0.21, 0.27, 0.28, 0.30, 0.30, 0.37, 0.40, 0.45, 0.45, 0.45",0
246,4,1,1,1,0.30075420841342293,6/11,"3.15, 3.33, 3.34, 3.51, 3.73, 3.78, 3.78, 3.84, 3.85, 4.21, 4.32",0
194,2,0,0,0,-0.8156579024696293,2/11,"0.08, 0.13, 0.30, 0.39, 1.28, 2.11, 2.13, 2.19, 2.35, 2.37, 2.90",0
132,3,1,1,1,1.071286860309958,10/11,"0.02, 0.02, 0.04, 0.05, 0.05, 0.08, 0.09, 0.09, 0.09, 0.09, 0.09",0
198,1,1,1,1,1.4619678472498459,10/11,"1.25, 1.26, 1.26, 1.33, 1.35, 1.41, 1.41, 1.49, 1.49, 1.51, 1.56",0
706,1,1,1,1,1.241580213545924,10/11,"0.24, 0.31, 0.47, 0.47, 0.54, 0.60, 0.63, 0.63, 0.63, 0.72, 0.82",0
516,1,1,0,1,1.0064117942021733,5/11,"0.29, 0.29, 0.33, 0.45, 0.53, 0.68, 0.84, 0.87, 0.99, 1.00, 1.07",0
172,4,1,1,1,0.9018183377814921,10/11,"0.31, 2.36, 2.44, 2.98, 3.13, 3.68, 4.68, 4.93, 5.08, 5.16, 5.18",0
311,4,0,0,0,-1.2881243515026028,1/11,"0.67, 0.75, 0.93, 1.50, 1.62, 1.99, 2.08, 2.08, 2.24, 2.33, 2.33",0
681,3,1,0,0,-1.0016795878216371,2/11,"0.01, 0.01, 0.01, 0.01, 0.01, 0.01, 0.01, 0.01, 0.01, 1.03, 2.00",0
640,5,1,1,1,1.4065565519948333,10/11,"0.08, 0.97, 1.08, 1.09, 1.11, 1.11, 1.11, 1.11, 1.11, 1.11, 1.11",0
504,1,1,1,0,-0.08252567810216416,6/11,"0.48, 0.50, 0.56, 0.60, 0.65, 0.80, 0.88, 0.96, 1.02, 1.11, 1.12",0
522,5,1,1,1,1.2540394367942949,11/11,"0.00, 0.00, 0.00, 0.01, 0.01, 0.02, 0.08, 0.08, 0.08, 0.08, 0.08",1
55,3,1,1,1,1.20781533679379,8/11,"1.06, 1.61, 1.97, 2.45, 2.48, 2.58, 2.76, 2.84, 3.14, 3.44, 3.77",0
65,3,1,1,1,0.8878262055510546,6/11,"0.04, 0.25, 2.02, 2.02, 2.05, 2.07, 2.15, 2.16, 2.27, 2.29, 2.30",0
13,4,1,1,1,1.017793838770075,10/11,"0.00, 0.00, 0.01, 0.02, 0.02, 0.03, 0.05, 0.08, 0.08, 0.08, 0.08",0
360,5,0,0,0,-1.0001940306944224,3/11,"0.00, 0.00, 0.00, 0.00, 0.00, 0.00, 0.00, 0.00, 0.00, 0.01, 0.01",1
701,2,0,0,0,-1.4820877107309138,1/11,"2.27, 2.39, 2.49, 2.69, 3.10, 3.94, 4.01, 4.01, 4.07, 4.20, 4.27",0
351,2,1,1,1,1.0609113804301364,11/11,"0.02, 0.03, 0.08, 0.10, 0.10, 0.10, 0.10, 0.11, 0.11, 0.11, 0.11",0
580,2,0,1,1,1.1524294602253156,8/11,"0.00, 0.00, 0.00, 0.00, 0.08, 0.08, 0.08, 0.10, 0.12, 0.15, 0.15",2
775,1,0,0,1,0.45866306151003133,2/11,"2.96, 3.25, 3.31, 4.04, 4.47, 4.58, 4.63, 4.73, 4.86, 4.87, 4.95",0
571,5,0,1,1,1.2078983936456578,11/11,"0.30, 0.60, 0.68, 0.80, 0.87, 0.94, 1.10, 1.22, 1.54, 1.56, 1.78",0
325,5,1,1,1,3.1440107097298347,11/11,"0.00, 0.00, 0.00, 2.00, 6.87, 7.09, 7.53, 8.51, 8.72, 8.92, 8.92",3
241,2,1,0,0,-0.9745665033876258,5/11,"0.00, 1.02, 1.42, 2.02, 2.02, 2.03, 2.03, 3.00, 3.00, 3.01, 3.01",0
543,1,1,1,1,1.5517579931434335,9/11,"0.15, 0.47, 0.90, 1.12, 1.58, 1.66, 2.16, 2.58, 2.64, 2.96, 3.05",0
66,4,0,1,1,1.1169024332110808,9/11,"2.21, 2.32, 2.34, 2.35, 2.35, 2.35, 2.35, 2.35, 2.35, 2.35, 3.24",0
458,4,0,0,0,-1.1391885148663903,2/11,"0.00, 1.64, 2.25, 2.61, 2.72, 3.27, 3.28, 3.32, 3.36, 3.38, 3.39",0
674,4,0,1,1,1.152720122543073,10/11,"0.08, 0.13, 0.20, 0.23, 0.23, 0.23, 0.23, 0.31, 0.36, 0.38, 0.43",0
472,2,1,1,1,1.160107416498173,11/11,"0.01, 0.03, 0.17, 0.25, 0.25, 0.30, 0.31, 0.32, 0.34, 0.39, 0.39",0
776,2,1,1,1,0.9698541780525807,9/11,"0.00, 0.01, 0.08, 0.08, 0.08, 0.08, 0.08, 0.09, 0.09, 0.09, 0.15",0
340,1,1,0,1,0.9971155340514963,4/11,"0.17, 0.17, 0.40, 0.46, 0.63, 0.87, 0.87, 0.87, 0.95, 1.00, 1.02",0
353,4,1,1,1,0.15207334687382001,7/11,"0.15, 0.55, 1.56, 2.08, 2.24, 2.32, 2.34, 2.49, 2.64, 2.73, 2.73",0
73,1,1,1,1,1.077700113158138,10/11,"0.23, 1.27, 1.28, 1.28, 1.28, 1.33, 1.33, 1.36, 1.39, 1.39, 1.40",0
456,3,0,1,1,1.158962590700743,8/11,"0.05, 0.09, 0.31, 0.42, 0.45, 0.45, 0.54, 0.69, 0.84, 1.25, 2.00",0
606,4,1,1,1,1.4620188033313184,10/11,"0.31, 0.71, 1.00, 1.00, 1.17, 1.17, 1.18, 1.19, 1.23, 1.24, 1.25",0
251,1,1,1,1,1.0482205092157466,10/11,"0.00, 0.00, 0.00, 0.01, 0.01, 0.01, 0.01, 0.01, 0.01, 0.01, 0.01",2
328,5,0,0,0,-0.9785549037547472,0/11,"0.00, 0.15, 0.20, 0.25, 0.26, 0.30, 0.36, 0.45, 0.45, 0.58, 0.60",1
195,3,0,0,0,-1.0834645947235615,2/11,"0.47, 1.11, 1.42, 1.65, 1.90, 2.23, 2.26, 2.28, 2.30, 2.36, 2.36",0
535,2,1,1,0,-0.23721700355345887,6/11,"0.07, 0.08, 0.09, 0.16, 0.24, 0.32, 0.39, 0.54, 0.54, 0.55, 0.62",0
366,1,1,1,1,1.2308907578294646,9/11,"0.01, 0.01, 0.04, 0.05, 0.09, 0.09, 0.09, 0.17, 0.17, 0.17, 0.17",0
700,5,1,1,1,1.8706056562088318,10/11,"0.00, 0.02, 0.08, 0.09, 0.16, 0.16, 0.23, 0.23, 0.24, 0.31, 0.31",0
848,5,1,1,1,1.3427945640919543,7/11,"0.15, 0.39, 0.39, 0.45, 0.50, 0.77, 0.80, 0.88, 0.91, 0.99, 1.14",0
718,3,0,0,0,-1.000155611137923,1/11,"0.13, 0.13, 0.15, 0.28, 0.28, 0.28, 0.43, 0.45, 0.46, 0.52, 0.58",0
598,3,1,1,1,1.6041788817687077,11/11,"0.24, 0.24, 0.30, 0.30, 0.31, 0.32, 0.54, 0.65, 0.68, 0.68, 0.70",0
743,4,0,0,0,-1.2743778584863676,2/11,"0.23, 3.10, 4.37, 5.47, 5.65, 5.66, 6.21, 6.22, 6.38, 6.58, 6.60",0
769,4,1,1,1,0.9958406700706917,10/11,"0.17, 0.17, 0.33, 0.94, 0.96, 1.11, 1.25, 1.27, 1.27, 1.27, 1.27",0
372,5,1,1,1,1.3925946004884306,10/11,"0.55, 0.55, 0.66, 0.77, 0.84, 0.96, 0.96, 1.02, 1.03, 1.04, 1.04",0
261,4,1,1,1,1.000263258406278,10/11,"0.00, 0.00, 0.00, 0.00, 0.00, 0.00, 0.01, 0.02, 0.02, 0.16, 0.33",5
375,3,1,1,1,0.23271681876574202,7/11,"0.37, 1.85, 1.92, 2.50, 2.86, 2.92, 2.94, 3.06, 3.08, 3.34, 3.41",0
143,3,0,1,1,0.6368836652960439,9/11,"0.15, 0.24, 0.42, 0.49, 0.54, 0.93, 1.02, 1.12, 1.12, 1.14, 1.15",0
872,3,0,0,0,-0.8901789915337404,1/11,"2.08, 2.17, 2.61, 2.69, 2.75, 2.80, 2.80, 2.84, 2.93, 2.98, 3.23",0
836,2,0,0,0,-1.4236801470979594,0/11,"0.51, 1.57, 1.73, 2.07, 2.14, 2.17, 2.34, 2.43, 2.81, 3.03, 3.08",0
659,3,1,1,1,0.9819638084043205,10/11,"0.00, 0.00, 0.05, 0.13, 0.15, 0.15, 0.28, 0.30, 0.35, 0.35, 0.37",2
502,3,1,1,1,0.0011222616623640658,7/11,"0.07, 0.24, 0.71, 2.00, 2.00, 2.09, 2.12, 2.13, 2.15, 2.23, 2.25",0
15,4,1,0,0,-0.5445297157447442,4/11,"0.31, 0.31, 0.54, 0.63, 0.65, 0.67, 0.70, 0.78, 0.79, 0.92, 1.00",0
521,5,0,0,0,-1.5201876326371522,0/11,"0.62, 0.89, 1.01, 1.20, 1.29, 1.86, 2.18, 2.28, 2.42, 2.63, 2.67",0
880,3,0,0,0,-1.1101733730008576,2/11,"2.15, 2.39, 2.54, 2.60, 2.72, 2.72, 2.78, 2.79, 2.82, 2.83, 3.14",0
14,5,1,1,1,2.2681623758952805,10/11,"1.44, 3.27, 3.82, 3.93, 4.98, 5.09, 5.56, 5.92, 6.83, 6.97, 7.00",0
786,3,1,1,1,1.2283388298438964,10/11,"0.00, 0.00, 0.01, 0.01, 0.05, 0.08, 0.08, 0.08, 0.09, 0.09, 0.09",0
44,3,0,0,0,-3.2840532251978614,2/11,"1.42, 3.12, 3.57, 3.58, 3.64, 3.72, 4.05, 4.25, 4.46, 4.53, 4.54",0
494,5,1,1,1,0.8548826683311372,9/11,"1.53, 2.02, 2.73, 2.80, 2.83, 2.95, 3.03, 3.05, 3.10, 3.10, 3.12",0
140,5,1,0,0,-0.003347182463605547,3/11,"0.28, 1.30, 1.57, 1.66, 1.71, 1.75, 1.97, 2.09, 2.21, 2.21, 2.25",0
408,5,0,0,0,-0.8227103097897615,4/11,"0.16, 0.16, 0.23, 0.27, 1.52, 2.06, 2.26, 2.61, 2.80, 3.01, 3.12",0
651,4,1,1,1,1.2085014796807627,11/11,"0.00, 0.00, 0.00, 0.00, 0.00, 0.00, 0.00, 0.00, 0.00, 0.00, 0.00",9
10,1,0,0,0,-0.9653129461125962,3/11,"1.90, 2.35, 2.85, 3.16, 3.33, 3.35, 3.41, 3.41, 3.43, 3.43, 3.50",0
795,4,1,1,1,1.0915524944289672,10/11,"0.00, 0.01, 0.02, 0.02, 0.04, 0.08, 0.08, 0.08, 0.08, 0.09, 0.09",0
7,4,1,1,1,1.0248351399532964,8/11,"0.50, 0.58, 0.74, 0.89, 0.90, 0.97, 0.97, 1.02, 1.06, 1.12, 1.20",0
302,2,0,1,1,1.0395561772002344,10/11,"0.90, 1.03, 1.03, 1.17, 1.79, 2.00, 2.03, 2.04, 2.06, 2.06, 2.06",0
532,3,1,1,1,1.0001670774450033,8/11,"0.00, 0.00, 0.00, 0.00, 0.00, 0.01, 0.01, 0.15, 2.00, 2.00, 2.00",1
425,2,1,1,1,0.8587338828842894,8/11,"0.15, 1.14, 1.21, 1.22, 1.31, 1.43, 1.52, 1.59, 1.80, 1.84, 2.03",0
475,1,1,1,0,-0.09316265806429325,6/11,"0.05, 0.11, 0.12, 0.17, 0.27, 0.35, 0.35, 0.35, 0.42, 0.64, 0.66",0
394,1,0,0,0,-1.1989298334759502,1/11,"0.55, 0.62, 1.54, 1.57, 1.80, 1.80, 1.94, 2.17, 2.29, 2.33, 2.47",0
796,3,1,1,1,1.1697686478464433,9/11,"0.22, 0.22, 0.27, 0.28, 0.37, 0.37, 0.37, 0.46, 0.57, 0.58, 0.60",0
493,3,1,1,1,1.0174450239499933,8/11,"0.16, 0.22, 0.38, 0.46, 0.49, 0.51, 0.52, 0.61, 0.61, 0.61, 0.67",0
470,1,0,1,1,0.1893479618015812,6/11,"1.62, 2.17, 3.11, 3.14, 3.23, 3.33, 3.50, 4.23, 4.23, 4.39, 4.39",0
304,1,0,0,0,-1.7400778456760895,2/11,"2.08, 2.08, 2.08, 2.08, 2.08, 2.09, 2.09, 2.09, 2.09, 2.09, 2.09",0
75,5,0,1,1,1.4785871128937427,6/11,"0.00, 0.30, 0.45, 1.04, 1.05, 1.05, 1.05, 1.05, 1.09, 1.11, 1.13",1
421,4,1,1,1,1.0009553551342236,10/11,"0.00, 0.01, 0.01, 0.01, 0.01, 0.01, 0.01, 0.01, 0.13, 2.00, 2.00",1
174,3,1,1,1,1.106138834433527,10/11,"0.00, 0.00, 0.00, 0.00, 0.01, 0.02, 0.05, 0.08, 0.08, 0.08, 0.08",0
371,5,0,0,1,0.022779044216428845,3/11,"0.80, 1.54, 1.91, 2.00, 2.09, 2.19, 2.20, 2.31, 2.48, 2.55, 2.59",0
54,1,0,0,0,-0.9635011599482146,1/11,"0.08, 0.39, 1.01, 1.16, 1.19, 1.22, 1.22, 1.22, 1.23, 1.35, 1.38",0
411,2,1,1,1,1.0256730261581117,10/11,"0.00, 0.00, 0.00, 0.00, 0.00, 0.00, 0.00, 0.00, 0.00, 0.00, 0.00",9
782,2,0,0,0,-1.0524035772110574,1/11,"1.43, 1.58, 1.68, 2.54, 2.64, 2.80, 2.83, 2.89, 2.95, 2.96, 3.01",0
218,1,1,1,1,1.142275038652948,10/11,"0.17, 0.41, 0.73, 0.79, 0.95, 1.12, 1.17, 1.23, 1.34, 1.40, 1.47",0
759,1,1,1,1,1.2778127397326182,9/11,"0.03, 0.08, 0.08, 0.08, 0.09, 0.09, 0.10, 0.10, 0.15, 0.16, 0.16",0
799,5,1,1,1,1.1617075099030185,7/11,"0.00, 0.09, 0.11, 0.24, 0.38, 0.49, 0.55, 0.60, 0.75, 0.75, 0.82",0
36,1,1,1,1,0.8824374196478937,6/11,"0.01, 0.41, 0.46, 0.69, 0.85, 0.94, 0.96, 1.02, 1.28, 1.29, 1.38",0
596,1,1,1,1,1.6765672348822216,11/11,"0.30, 0.34, 1.41, 1.47, 1.62, 1.71, 1.86, 2.09, 2.22, 2.33, 2.39",0
370,4,0,0,0,-1.333702138286185,1/11,"0.40, 0.75, 1.20, 1.23, 1.90, 2.20, 2.27, 2.34, 2.36, 2.37, 2.38",0
9,3,0,0,1,0.3793420486404713,5/11,"0.34, 1.23, 1.29, 1.94, 2.23, 2.28, 2.29, 2.30, 2.58, 2.63, 2.66",0
385,3,1,1,1,1.2435669923279888,10/11,"0.00, 0.00, 0.00, 0.00, 0.00, 0.00, 0.00, 0.00, 0.00, 0.00, 0.00",7
433,3,0,0,0,-1.1056090392920865,0/11,"0.97, 1.05, 1.15, 1.24, 1.35, 1.49, 1.50, 1.59, 1.59, 1.68, 1.74",0
148,1,1,1,1,0.3381766151992247,7/11,"0.93, 1.03, 1.57, 1.87, 2.18, 2.43, 2.48, 2.87, 2.92, 3.10, 3.30",0
145,3,1,1,1,0.8547640542017276,10/11,"0.00, 0.03, 0.10, 0.10, 0.11, 0.17, 0.39, 0.40, 0.40, 0.45, 0.47",1
541,5,0,0,0,-1.5758526242884503,2/11,"1.54, 2.41, 2.64, 2.69, 2.94, 3.20, 3.45, 3.48, 3.48, 3.50, 3.51",0
164,5,1,1,1,1.0001559421222848,10/11,"0.00, 0.00, 0.03, 0.09, 0.09, 0.09, 0.09, 0.09, 0.16, 0.16, 0.17",2
330,4,0,0,0,-2.5159346354934655,0/11,"1.88, 2.04, 2.15, 2.37, 2.52, 2.64, 2.85, 2.87, 3.21, 3.29, 3.30",0
830,1,0,0,0,-1.4236478361169054,2/11,"1.79, 1.86, 2.01, 2.09, 2.36, 2.73, 2.81, 2.93, 2.96, 2.99, 3.07",0
402,2,1,1,1,1.1030342875177246,10/11,"0.00, 0.00, 0.01, 0.08, 0.08, 0.08, 0.09, 0.09, 0.09, 0.09, 0.15",0
99,5,0,0,0,-1.4555234228241491,0/11,"0.60, 0.74, 1.20, 1.27, 1.41, 1.44, 1.51, 1.57, 1.62, 1.65, 1.66",0
155,4,1,1,1,1.2085703124556346,11/11,"0.00, 0.00, 0.00, 0.01, 0.01, 0.01, 0.01, 0.01, 0.01, 0.01, 0.01",0
117,1,1,1,1,1.5094549163019986,10/11,"0.43, 2.27, 2.32, 2.76, 2.90, 3.06, 3.13, 3.17, 3.21, 3.51, 3.51",0
253,4,1,1,1,1.0028122348848143,8/11,"0.00, 0.15, 0.16, 0.22, 0.23, 0.62, 0.84, 0.85, 1.07, 1.17, 1.30",1
464,4,1,1,1,1.1668957897761914,11/11,"0.12, 0.15, 0.24, 0.31, 0.32, 0.41, 0.46, 0.48, 0.69, 0.72, 0.85",0
715,3,1,1,1,1.1361978613296813,10/11,"0.01, 0.08, 0.15, 0.17, 0.30, 0.42, 0.53, 0.72, 0.75, 0.80, 1.10",0
50,1,1,1,1,0.36341300841815727,7/11,"0.30, 0.38, 0.50, 0.65, 0.91, 1.09, 1.10, 1.40, 1.40, 1.41, 1.48",0
350,4,1,1,1,1.1847247855325378,10/11,"0.02, 0.02, 0.09, 0.17, 0.17, 0.24, 0.24, 0.26, 0.31, 0.32, 0.48",0
467,2,1,1,1,0.999715277149088,9/11,"0.00, 0.00, 0.00, 0.24, 2.00, 2.13, 2.13, 2.13, 2.13, 2.14, 2.14",3
626,4,1,1,1,1.0034973299974155,8/11,"0.02, 0.19, 0.19, 0.36, 0.42, 0.50, 0.73, 0.88, 1.11, 1.11, 1.21",0
746,2,1,1,1,1.2016943544987646,10/11,"2.21, 3.06, 3.28, 3.35, 3.36, 3.38, 3.43, 3.44, 3.53, 3.55, 3.58",0
111,4,1,1,1,1.031158999912904,6/11,"0.36, 0.48, 0.53, 0.59, 0.66, 0.66, 0.81, 0.82, 0.90, 1.04, 1.26",0
192,5,1,1,1,0.8512618524578894,10/11,"0.05, 0.05, 0.08, 0.11, 0.11, 0.28, 0.30, 0.30, 0.30, 0.35, 0.38",0
284,5,0,1,1,1.1072741701850444,11/11,"0.00, 0.00, 0.01, 0.01, 0.05, 0.08, 0.08, 0.08, 0.08, 0.08, 0.09",1
837,2,1,1,1,1.0283260851167404,10/11,"0.01, 0.01, 0.01, 0.02, 0.02, 0.03, 0.06, 0.08, 0.09, 0.09, 0.09",0
223,4,1,1,1,1.1594178773573134,11/11,"0.01, 0.02, 0.08, 0.23, 0.31, 0.48, 0.54, 0.54, 0.61, 0.70, 0.70",0
392,5,0,1,1,1.2071822559236918,11/11,"0.00, 0.00, 0.00, 0.00, 0.01, 0.02, 0.05, 0.08, 0.08, 0.08, 0.08",0
655,5,1,1,0,-0.5070329014953419,7/11,"0.25, 0.25, 0.32, 0.96, 2.02, 2.02, 2.24, 2.25, 2.32, 2.37, 2.38",0
847,4,1,1,1,1.5500904574081105,11/11,"0.00, 0.00, 0.00, 2.00, 6.96, 7.19, 7.35, 7.50, 8.60, 8.81, 8.83",3
460,3,1,1,1,0.9998860457546115,10/11,"0.00, 0.00, 0.00, 0.00, 0.00, 0.00, 0.00, 0.00, 0.01, 0.02, 0.02",5
478,1,1,1,1,1.5552305969389772,10/11,"0.25, 0.32, 0.32, 0.40, 0.51, 0.56, 0.70, 0.86, 0.92, 0.92, 0.93",0
96,5,1,1,1,1.335471467782946,10/11,"0.00, 0.00, 0.00, 0.00, 0.00, 0.00, 0.00, 0.00, 0.00, 0.00, 0.00",8
213,1,1,1,1,1.0779903412092802,10/11,"0.00, 0.00, 0.01, 0.01, 0.01, 0.08, 0.09, 0.09, 0.09, 0.09, 0.09",1
252,2,1,0,1,0.05064495512160705,5/11,"0.33, 0.34, 1.07, 1.60, 1.62, 1.73, 1.75, 1.88, 1.93, 1.96, 2.00",0
118,3,1,1,1,1.088156334663968,9/11,"0.33, 0.48, 0.70, 0.79, 1.10, 1.12, 1.12, 1.12, 1.13, 1.17, 1.19",0
823,5,1,1,1,0.9348218828673336,6/11,"0.08, 0.15, 0.72, 0.72, 0.79, 0.87, 1.10, 1.10, 1.23, 1.29, 1.33",0
307,1,0,0,0,-1.6752393902110674,2/11,"1.31, 1.57, 2.64, 3.33, 3.33, 3.36, 3.39, 3.48, 3.55, 3.56, 3.59",0
760,5,0,0,0,-1.4490545941279354,0/11,"0.52, 0.69, 1.09, 1.21, 1.28, 1.81, 2.05, 2.24, 2.32, 2.44, 2.51",0
824,1,0,0,0,-0.11300565265302165,5/11,"0.75, 1.02, 1.10, 1.27, 1.33, 1.35, 1.36, 1.41, 1.48, 1.49, 1.55",0
232,3,1,1,1,1.330853000155163,10/11,"0.01, 0.08, 0.08, 0.08, 0.08, 0.08, 0.09, 0.11, 0.11, 0.15, 0.15",0
752,2,0,1,0,-0.16037527359933335,6/11,"1.06, 1.17, 1.64, 1.78, 2.08, 2.10, 2.17, 2.17, 2.20, 2.26, 2.26",0
57,5,0,0,0,-1.1107181109878528,1/11,"0.28, 0.30, 0.45, 0.49, 0.57, 0.58, 0.60, 0.73, 0.88, 0.92, 0.98",0
582,5,0,0,0,-1.81198047473267,1/11,"0.59, 0.60, 2.23, 2.45, 2.55, 2.68, 2.75, 2.79, 2.81, 2.99, 3.00",0
687,2,1,1,1,2.037353524564745,11/11,"0.53, 0.90, 0.98, 2.29, 2.51, 2.65, 2.67, 2.67, 2.95, 3.10, 3.17",0
671,1,0,0,0,-1.0313847322926852,2/11,"0.62, 1.33, 1.35, 1.58, 1.65, 1.67, 1.80, 2.00, 2.42, 2.47, 2.59",0
614,1,1,1,1,1.0016466738914653,10/11,"0.00, 0.00, 0.00, 0.00, 0.00, 0.00, 0.00, 0.00, 0.00, 0.01, 0.01",6
383,1,1,1,1,1.2566280710682856,9/11,"0.00, 0.00, 0.00, 0.08, 0.08, 0.08, 0.09, 0.11, 0.12, 0.16, 0.16",2
153,4,1,1,1,1.1346680041911839,11/11,"0.35, 0.37, 0.42, 0.46, 0.58, 0.66, 0.83, 0.88, 0.88, 0.96, 1.04",0
538,2,0,0,0,-1.3238104405852533,0/11,"0.71, 0.88, 0.92, 0.99, 1.09, 1.14, 1.14, 1.35, 1.40, 1.51, 1.54",0
605,1,0,0,1,0.9114737996082818,5/11,"0.31, 0.33, 0.41, 0.41, 0.47, 1.79, 1.83, 1.84, 2.00, 2.08, 2.08",0
813,3,1,1,1,1.15094426269781,9/11,"0.07, 0.13, 0.13, 0.13, 0.13, 0.19, 0.22, 0.32, 0.35, 0.43, 0.43",0
275,4,0,0,0,-1.000040576133145,2/11,"0.00, 0.00, 0.00, 0.00, 0.00, 0.00, 0.00, 0.00, 0.00, 0.00, 0.00",5
342,4,0,0,0,-0.9982739779874379,1/11,"0.08, 3.41, 4.19, 5.32, 6.56, 6.74, 7.55, 7.58, 7.66, 7.71, 7.74",0
753,3,1,1,1,1.4127395444081159,7/11,"0.02, 0.03, 0.04, 0.10, 0.10, 0.11, 0.11, 0.11, 0.11, 0.18, 0.18",0
534,5,0,0,0,-0.12809588053614251,4/11,"0.15, 2.23, 2.75, 2.92, 2.92, 3.69, 4.38, 4.69, 4.74, 4.76, 4.84",0
772,1,1,1,1,1.310270986952383,11/11,"0.09, 0.22, 0.23, 0.24, 0.25, 0.25, 0.31, 0.31, 0.39, 0.47, 0.47",0
214,4,1,1,1,1.1451509449150024,10/11,"0.00, 0.13, 0.15, 0.20, 0.23, 0.31, 0.31, 0.31, 0.36, 0.38, 0.38",1
207,2,1,1,1,1.3711014593284523,8/11,"0.16, 0.31, 0.39, 0.56, 0.61, 0.68, 0.68, 1.03, 1.03, 1.03, 1.03",0
607,4,1,1,1,1.1425125393299709,8/11,"0.00, 0.01, 0.03, 0.04, 0.08, 0.08, 0.08, 0.08, 0.15, 0.15, 0.15",0
285,3,1,1,1,0.9949916338418674,7/11,"0.01, 0.01, 0.08, 0.10, 0.19, 0.20, 0.34, 0.54, 2.08, 2.24, 2.24",0
858,2,0,1,1,1.035963552218883,9/11,"0.15, 0.23, 0.32, 0.37, 0.38, 0.44, 0.45, 0.62, 0.68, 0.70, 0.77",0
337,5,1,0,1,0.4017255344516084,5/11,"0.36, 0.44, 1.18, 1.28, 1.29, 1.43, 1.57, 1.68, 1.73, 1.74, 1.81",0
260,1,0,0,0,-0.9343991040447781,0/11,"0.82, 1.29, 1.30, 1.54, 1.54, 1.82, 2.11, 2.21, 2.50, 2.53, 2.57",0
500,4,1,1,1,1.078470042596777,10/11,"0.01, 0.01, 0.01, 0.03, 0.04, 0.08, 0.08, 0.08, 0.09, 0.09, 0.09",0
300,5,0,0,0,-1.2920391035032341,0/11,"2.33, 2.63, 3.31, 4.01, 4.13, 4.56, 4.77, 5.06, 5.32, 5.41, 5.66",0
712,5,1,1,1,0.999465347584086,7/11,"0.00, 0.01, 0.01, 0.07, 0.10, 0.18, 0.19, 0.34, 0.58, 2.03, 2.07",1
455,4,1,1,1,1.2084838453640572,11/11,"0.00, 0.00, 0.00, 0.00, 0.00, 0.00, 0.00, 0.00, 0.00, 0.00, 0.00",9
322,3,1,1,1,1.2821945459475657,10/11,"0.02, 0.07, 0.07, 0.07, 0.07, 0.08, 0.08, 0.08, 0.11, 0.11, 0.15",0
817,4,1,0,0,-0.43381176591519477,5/11,"0.01, 0.09, 0.10, 0.12, 0.13, 0.16, 0.23, 0.31, 0.38, 0.39, 0.39",0
269,5,0,0,0,-1.2544911013509992,0/11,"2.38, 3.19, 3.41, 3.57, 3.67, 3.95, 3.96, 4.04, 4.05, 4.24, 4.39",0
686,2,1,1,1,0.019618116675625297,7/11,"1.81, 2.23, 3.24, 3.32, 3.66, 4.01, 4.07, 4.13, 4.51, 4.51, 4.54",0
108,4,0,1,1,1.2085154582545528,11/11,"0.00, 0.00, 0.00, 0.00, 0.00, 0.00, 0.00, 0.00, 0.00, 0.01, 0.01",0
778,2,0,1,0,-0.20711411137766844,7/11,"0.76, 1.07, 1.29, 1.32, 1.33, 1.38, 1.44, 1.45, 1.53, 1.59, 1.67",0
151,2,1,1,1,1.226493297510013,10/11,"0.08, 0.08, 0.09, 0.23, 0.25, 0.35, 0.62, 0.87, 0.91, 1.15, 1.17",0
852,2,1,1,1,0.6378994542525851,11/11,"1.14, 1.40, 1.73, 1.74, 1.81, 1.96, 2.03, 2.04, 2.20, 2.26, 2.27",0
709,3,0,0,0,-1.0621863643126048,0/11,"1.39, 1.76, 1.80, 1.80, 1.80, 2.17, 2.68, 3.02, 3.21, 3.26, 3.38",0
259,3,0,0,0,-2.906085000735671,1/11,"2.00, 7.86, 7.87, 8.04, 8.27, 8.68, 8.78, 9.25, 9.29, 9.44, 9.56",0
125,5,1,1,1,0.9782215519856348,8/11,"1.13, 1.85, 2.27, 2.37, 2.38, 2.46, 2.48, 2.54, 2.57, 2.62, 2.74",0
368,2,0,1,0,-1.0002468828878557,7/11,"0.00, 1.02, 2.00, 2.00, 2.00, 2.00, 2.00, 2.01, 2.01, 2.01, 2.01",0
219,5,0,0,0,-2.0956614631008597,0/11,"0.57, 0.75, 0.75, 0.75, 0.80, 1.13, 1.18, 1.49, 1.59, 1.95, 2.22",0
667,2,1,1,1,1.0243185491891558,11/11,"0.00, 0.08, 0.12, 0.15, 0.15, 0.15, 0.15, 0.27, 0.35, 0.38, 0.38",1
441,2,0,0,0,-1.2848850901061064,2/11,"0.61, 1.27, 1.31, 1.35, 1.50, 1.58, 1.77, 1.78, 2.15, 2.20, 2.40",0
560,4,0,1,1,0.026509047434501554,7/11,"0.79, 0.90, 0.95, 1.03, 1.17, 1.30, 1.39, 1.50, 1.50, 1.50, 1.51",0
119,5,1,0,1,0.8550938481850434,3/11,"2.30, 4.07, 4.55, 4.78, 4.78, 5.08, 5.11, 5.22, 5.46, 5.70, 5.71",0
845,1,1,1,1,0.9418476916996719,8/11,"0.00, 0.00, 0.09, 0.09, 0.09, 0.09, 0.09, 0.09, 0.09, 0.16, 0.17",2
561,4,1,1,1,1.000263258406278,10/11,"0.00, 0.00, 0.00, 0.00, 0.00, 0.00, 0.01, 0.02, 0.02, 0.16, 0.33",5
638,3,1,1,1,0.7096569199642928,7/11,"0.90, 1.24, 1.34, 1.49, 1.71, 2.10, 2.10, 2.17, 2.22, 2.24, 2.25",0
589,2,1,1,1,1.0463109205268728,11/11,"0.00, 0.00, 0.00, 0.01, 0.01, 0.01, 0.02, 0.08, 0.08, 0.08, 0.08",0
549,5,1,1,1,1.8377628454940347,11/11,"0.21, 0.30, 1.13, 1.28, 1.47, 1.62, 1.63, 1.82, 1.87, 1.89, 1.95",0
334,1,1,1,1,1.6949502244116212,9/11,"1.19, 1.27, 1.56, 1.61, 1.79, 1.79, 1.81, 1.97, 2.00, 2.00, 2.02",0
245,3,1,1,1,1.1848749053114502,9/11,"0.00, 0.11, 0.37, 0.39, 0.49, 0.54, 0.60, 0.75, 0.75, 1.16, 2.00",0
206,1,1,0,0,-1.2946879136667553,3/11,"1.26, 1.52, 1.62, 2.21, 2.23, 2.35, 2.54, 2.54, 2.73, 2.86, 2.92",0
271,2,1,1,1,0.9930179510850456,7/11,"0.02, 0.08, 0.08, 0.08, 0.09, 0.09, 0.21, 0.57, 2.02, 2.06, 2.31",0
354,4,1,1,1,1.4675412552198424,10/11,"0.20, 0.20, 0.52, 0.58, 0.76, 0.83, 1.14, 1.14, 1.15, 1.15, 1.15",0
779,4,1,1,1,1.0002630662017395,10/11,"0.00, 0.00, 0.00, 0.00, 0.00, 0.00, 0.01, 0.02, 0.02, 0.16, 0.33",0
426,5,1,1,1,1.3361678168029496,10/11,"0.00, 0.00, 0.00, 0.01, 0.01, 0.01, 0.01, 0.01, 0.01, 0.01, 0.01",1
565,2,1,1,0,-0.8571617555364293,9/11,"0.00, 1.03, 1.03, 2.00, 2.00, 2.00, 2.00, 2.00, 2.00, 2.00, 2.00",1
