Модель,Перетворення,CV macro F1,SD,Train macro F1,CV accuracy,CV F1 (клас 1),CV ROC-AUC,"Fit, с"
"kNN (k=5, distance, p=2)",Без масштабування,0.675889119294075,0.029198561421783086,0.984454411079007,0.699369644440067,0.763057714009302,0.7381324873605438,0.012213516235351562
"kNN (k=5, distance, p=2)",StandardScaler,0.7532772991800198,0.021698751267887374,0.984454411079007,0.7668373879641485,0.8109447181171319,0.818690747601406,0.010918378829956055
"kNN (k=5, distance, p=2)",MinMaxScaler,0.7516882960782199,0.01929160966915532,0.984454411079007,0.7654387865655471,0.809999483302553,0.8172623307262807,0.010204887390136719
Linear SVM (C=1),Без масштабування,0.7683365382003164,0.003745370848278905,0.7684423162604326,0.7851176992022062,0.8305034051111398,0.8333882714290238,1.973670244216919
Linear SVM (C=1),StandardScaler,0.7683365382003164,0.003745370848278905,0.7684423162604326,0.7851176992022062,0.8305034051111398,0.8158046768626706,0.017700767517089842
Linear SVM (C=1),MinMaxScaler,0.7683365382003164,0.003745370848278905,0.7684423162604326,0.7851176992022062,0.8305034051111398,0.8106656956186736,0.016204977035522462
"RBF SVM (C=1, γ=scale)",Без масштабування,0.5890256156650713,0.023367229062648126,0.6018670691519041,0.6713188220230474,0.7721366174155287,0.7460157478652776,0.017682218551635744
"RBF SVM (C=1, γ=scale)",StandardScaler,0.7914941774961853,0.012240343546872189,0.8301950246707024,0.8103910174332709,0.8537805733321644,0.8434155029923055,0.01694478988647461
"RBF SVM (C=1, γ=scale)",MinMaxScaler,0.7841150458519882,0.01733770251534227,0.788089520666863,0.8131783709248499,0.8632715429433256,0.8367773080860855,0.017688703536987305
