kernel,C,gamma,CV macro F1,SD,Train macro F1,CV ROC-AUC,Опорних векторів
linear,0.01,—,0.7674009933140261,0.006787037033872035,0.7694813802463625,0.8531584391459,467
linear,0.1,—,0.7683365382003164,0.0033499615270790734,0.7684423162604326,0.8254580813358242,347
linear,1.0,—,0.7683365382003164,0.0033499615270790734,0.7684423162604326,0.8158046768626706,331
linear,10.0,—,0.7683365382003164,0.0033499615270790734,0.7694395541293696,0.8261424062991463,334
linear,100.0,—,0.7683365382003164,0.0033499615270790734,0.7694395541293696,0.813632906916606,351
rbf,0.1,scale,0.7599839399558309,0.029256746924085312,0.7862213739319095,0.8464780247617238,491
rbf,0.1,0.01,0.40754650262074155,0.025156975253640954,0.4141718801136583,0.8477370623687237,548
rbf,0.1,0.1,0.7626347794393069,0.029525124231720812,0.7788749008968873,0.8506712105379819,491
rbf,0.1,1,0.5122938269363605,0.028377225224966413,0.547686818757499,0.835108715155737,557
rbf,1.0,scale,0.7914941774961853,0.01094809609550284,0.8301950246707024,0.8434155029923055,348
rbf,1.0,0.01,0.7740317662188243,0.004405868941512314,0.7766959604028781,0.8570398604646254,417
rbf,1.0,0.1,0.7975159771127694,0.008237869112858825,0.824996291652192,0.8391958508808038,347
rbf,1.0,1,0.7857994607847465,0.02446525269179039,0.8836296361292296,0.8145969095342135,445
rbf,10.0,scale,0.7857201127257227,0.024585900278048533,0.8554820319924914,0.8210511858395872,310
rbf,10.0,0.01,0.7837112491608196,0.00840756084959754,0.790808460723879,0.8489395258752627,320
rbf,10.0,0.1,0.7854963664458208,0.027353675522791596,0.8413120243248597,0.8225874207065431,307
rbf,10.0,1,0.7762939992296307,0.03172967437280977,0.906330400592218,0.7835071720338178,429
rbf,100.0,scale,0.7804615208037624,0.02022981695535587,0.8875618816308221,0.7926061292127122,298
rbf,100.0,0.01,0.8004641665066563,0.02695786721445088,0.8289383224099127,0.8469977993097115,296
rbf,100.0,0.1,0.7720343329307354,0.020896866474555856,0.8779593427661704,0.8072995102540557,300
rbf,100.0,1,0.7579521264774058,0.03166037517390332,0.9255436589572316,0.7697979006364586,403
