b,root_column,root_feature,root_threshold,depth,leaves,level1
0,Sex_female,Sex,0.5,3,8,Age | Pclass_3
1,Sex_female,Sex,0.5,3,8,Age | Pclass_3
2,Sex_female,Sex,0.5,3,8,Age | Pclass_3
3,Sex_female,Sex,0.5,3,8,Age | Pclass_3
4,Sex_female,Sex,0.5,3,8,Age | Pclass_3
5,Sex_female,Sex,0.5,3,8,Age | Pclass_3
6,Sex_female,Sex,0.5,3,8,Pclass_1 | Pclass_3
7,Sex_female,Sex,0.5,3,8,Age | Pclass_3
8,Sex_female,Sex,0.5,3,8,Age | Pclass_3
9,Sex_female,Sex,0.5,3,8,Age | Pclass_3
10,Sex_female,Sex,0.5,3,8,Age | Pclass_3
11,Sex_female,Sex,0.5,3,8,Pclass_1 | Pclass_3
12,Sex_female,Sex,0.5,3,8,Pclass_1 | Pclass_3
13,Sex_female,Sex,0.5,3,8,Age | Pclass_3
14,Sex_female,Sex,0.5,3,8,Age | Pclass_3
15,Sex_female,Sex,0.5,3,8,Pclass_1 | Pclass_3
16,Sex_female,Sex,0.5,3,8,Age | Pclass_3
17,Sex_female,Sex,0.5,3,8,Age | Pclass_3
18,Sex_female,Sex,0.5,3,8,Age | Pclass_3
19,Sex_female,Sex,0.5,3,8,Age | Pclass_3
20,Sex_female,Sex,0.5,3,8,Age | Pclass_3
21,Sex_female,Sex,0.5,3,7,Age | Pclass_3
22,Sex_female,Sex,0.5,3,7,Age | Pclass_3
23,Sex_female,Sex,0.5,3,8,Age | Pclass_3
24,Sex_female,Sex,0.5,3,8,Pclass_1 | Pclass_3
25,Sex_female,Sex,0.5,3,8,Pclass_1 | Pclass_3
26,Sex_female,Sex,0.5,3,8,Fare | Pclass_3
27,Sex_female,Sex,0.5,3,8,Pclass_1 | Pclass_3
28,Sex_female,Sex,0.5,3,8,Age | Pclass_3
29,Sex_female,Sex,0.5,3,7,Age | Pclass_3
30,Sex_female,Sex,0.5,3,8,Age | Pclass_3
31,Sex_female,Sex,0.5,3,8,Fare | Pclass_3
32,Sex_female,Sex,0.5,3,8,Age | Pclass_3
33,Sex_female,Sex,0.5,3,8,Pclass_1 | Pclass_3
34,Sex_female,Sex,0.5,3,8,Age | Pclass_3
35,Sex_female,Sex,0.5,3,8,Pclass_1 | Pclass_3
36,Sex_female,Sex,0.5,3,8,Age | Pclass_3
37,Sex_female,Sex,0.5,3,8,Age | Pclass_3
38,Sex_female,Sex,0.5,3,8,Age | Pclass_3
39,Sex_female,Sex,0.5,3,8,Age | Pclass_3
40,Sex_female,Sex,0.5,3,8,Pclass_1 | Pclass_3
41,Sex_female,Sex,0.5,3,8,Age | Pclass_3
42,Sex_female,Sex,0.5,3,7,Age | Pclass_3
43,Sex_female,Sex,0.5,3,8,Age | Pclass_3
44,Sex_female,Sex,0.5,3,8,Age | Pclass_3
45,Sex_female,Sex,0.5,3,8,Fare | Pclass_3
46,Sex_female,Sex,0.5,3,8,Age | Pclass_3
47,Sex_female,Sex,0.5,3,8,Pclass_1 | Pclass_3
48,Sex_female,Sex,0.5,3,8,Age | Pclass_3
49,Sex_female,Sex,0.5,3,8,Age | Pclass_3
50,Sex_female,Sex,0.5,3,8,Age | Pclass_3
51,Sex_female,Sex,0.5,3,8,Age | Pclass_3
52,Sex_female,Sex,0.5,3,8,Age | Pclass_3
53,Sex_female,Sex,0.5,3,7,Age | Pclass_3
54,Sex_female,Sex,0.5,3,8,Age | Pclass_3
55,Sex_female,Sex,0.5,3,8,Pclass_1 | Pclass_3
56,Sex_female,Sex,0.5,3,8,Age | Pclass_3
57,Sex_female,Sex,0.5,3,8,Age | Pclass_3
58,Sex_female,Sex,0.5,3,7,Age | Pclass_3
59,Sex_female,Sex,0.5,3,8,Pclass_1 | Pclass_3
60,Sex_female,Sex,0.5,3,8,Fare | Pclass_3
61,Sex_female,Sex,0.5,3,8,Age | Pclass_3
62,Sex_female,Sex,0.5,3,8,Age | Pclass_3
63,Sex_female,Sex,0.5,3,8,Pclass_1 | Pclass_3
64,Sex_female,Sex,0.5,3,8,Age | Pclass_3
65,Sex_female,Sex,0.5,3,7,Age | Pclass_3
66,Sex_female,Sex,0.5,3,8,Age | Pclass_3
67,Sex_female,Sex,0.5,3,7,Age | Pclass_3
68,Sex_female,Sex,0.5,3,8,Age | Pclass_3
69,Sex_female,Sex,0.5,3,8,Age | Pclass_3
70,Sex_female,Sex,0.5,3,8,Age | Pclass_3
71,Sex_female,Sex,0.5,3,8,Age | Pclass_3
72,Sex_female,Sex,0.5,3,8,Pclass_1 | Pclass_3
73,Sex_female,Sex,0.5,3,8,Pclass_1 | Pclass_3
74,Sex_female,Sex,0.5,3,8,Age | Pclass_3
75,Sex_female,Sex,0.5,3,8,Age | Pclass_3
76,Sex_female,Sex,0.5,3,8,Age | Pclass_3
77,Sex_female,Sex,0.5,3,8,Pclass_1 | Pclass_3
78,Sex_female,Sex,0.5,3,8,Fare | Pclass_3
79,Sex_female,Sex,0.5,3,8,Age | Pclass_3
80,Sex_female,Sex,0.5,3,8,Age | Pclass_3
81,Sex_female,Sex,0.5,3,8,Fare | Pclass_3
82,Sex_female,Sex,0.5,3,8,Age | Pclass_3
83,Sex_female,Sex,0.5,3,8,Pclass_1 | Pclass_3
84,Sex_female,Sex,0.5,3,8,Age | Pclass_3
85,Sex_female,Sex,0.5,3,8,Age | Pclass_3
86,Sex_female,Sex,0.5,3,8,Pclass_1 | Pclass_3
87,Sex_female,Sex,0.5,3,8,Age | Pclass_3
88,Sex_female,Sex,0.5,3,8,Fare | Pclass_3
89,Sex_female,Sex,0.5,3,8,Fare | Pclass_3
90,Sex_female,Sex,0.5,3,8,Pclass_1 | Pclass_3
91,Sex_female,Sex,0.5,3,8,Age | Pclass_3
92,Sex_female,Sex,0.5,3,8,Age | Pclass_3
93,Sex_female,Sex,0.5,3,8,Age | Pclass_3
94,Sex_female,Sex,0.5,3,8,Pclass_1 | Pclass_3
95,Sex_female,Sex,0.5,3,8,Age | Pclass_3
96,Sex_female,Sex,0.5,3,8,Age | Pclass_3
97,Sex_female,Sex,0.5,3,8,Age | Pclass_3
98,Sex_female,Sex,0.5,3,8,Age | Pclass_3
99,Sex_female,Sex,0.5,3,8,Age | Pclass_3
100,Sex_female,Sex,0.5,3,8,Age | Pclass_3
101,Sex_female,Sex,0.5,3,8,Age | Pclass_3
102,Sex_female,Sex,0.5,3,8,Age | Pclass_3
103,Sex_female,Sex,0.5,3,8,Age | Pclass_3
104,Sex_female,Sex,0.5,3,8,Age | Pclass_3
105,Sex_female,Sex,0.5,3,7,Age | Pclass_3
106,Sex_female,Sex,0.5,3,8,Pclass_1 | Pclass_3
107,Sex_female,Sex,0.5,3,8,Pclass_1 | Pclass_3
108,Sex_female,Sex,0.5,3,8,Age | Pclass_3
109,Sex_female,Sex,0.5,3,8,Age | Pclass_3
110,Sex_female,Sex,0.5,3,8,Age | Pclass_3
111,Sex_female,Sex,0.5,3,7,Age | Pclass_3
112,Sex_female,Sex,0.5,3,8,Age | Pclass_3
113,Sex_female,Sex,0.5,3,8,Age | Pclass_3
114,Sex_female,Sex,0.5,3,8,Age | Pclass_3
115,Sex_female,Sex,0.5,3,8,Pclass_1 | Pclass_3
116,Sex_female,Sex,0.5,3,8,Age | Pclass_3
117,Sex_female,Sex,0.5,3,8,Age | Pclass_3
118,Sex_female,Sex,0.5,3,8,Pclass_1 | Pclass_3
119,Sex_female,Sex,0.5,3,8,Age | Pclass_3
120,Sex_female,Sex,0.5,3,8,Age | Pclass_3
121,Sex_female,Sex,0.5,3,8,Age | Pclass_3
122,Sex_female,Sex,0.5,3,8,Age | Pclass_3
123,Sex_female,Sex,0.5,3,8,Age | Pclass_3
124,Sex_female,Sex,0.5,3,8,Age | Pclass_3
125,Sex_female,Sex,0.5,3,8,Age | Pclass_3
126,Sex_female,Sex,0.5,3,8,Age | Pclass_3
127,Sex_female,Sex,0.5,3,8,Age | Pclass_3
128,Sex_female,Sex,0.5,3,8,Age | Pclass_3
129,Sex_female,Sex,0.5,3,8,Age | Pclass_3
130,Sex_female,Sex,0.5,3,8,Fare | Pclass_3
131,Sex_female,Sex,0.5,3,8,Age | Pclass_3
132,Sex_female,Sex,0.5,3,8,Pclass_1 | Pclass_3
133,Sex_female,Sex,0.5,3,8,Age | Pclass_3
134,Sex_female,Sex,0.5,3,8,Age | Pclass_3
135,Sex_female,Sex,0.5,3,8,Age | Pclass_3
136,Sex_female,Sex,0.5,3,7,Age | Pclass_3
137,Sex_female,Sex,0.5,3,8,Age | Pclass_3
138,Sex_female,Sex,0.5,3,8,Age | Pclass_3
139,Sex_female,Sex,0.5,3,8,Age | Pclass_3
140,Sex_female,Sex,0.5,3,8,Age | Pclass_3
141,Sex_female,Sex,0.5,3,8,Age | Pclass_3
142,Sex_female,Sex,0.5,3,8,Age | Pclass_3
143,Sex_female,Sex,0.5,3,8,Fare | Pclass_3
144,Sex_female,Sex,0.5,3,8,Age | Pclass_3
145,Sex_female,Sex,0.5,3,8,Pclass_1 | Pclass_3
146,Sex_female,Sex,0.5,3,7,Age | Pclass_3
147,Sex_female,Sex,0.5,3,8,Age | Pclass_3
148,Sex_female,Sex,0.5,3,8,Age | Pclass_3
149,Sex_female,Sex,0.5,3,8,Age | Pclass_3
