Модель,Ознака,PI_mean,PI_fold_std,top3,top5,rank_min,rank_max,Impurity
Random Forest,Sex,0.20623751814018304,0.012099661814302156,1.0,1.0,1.0,1.0,0.3660342889459419
Random Forest,Pclass,0.0887332497270693,0.022440929947110118,1.0,1.0,2.0,2.0,0.1442526599316022
Random Forest,Age,0.04906029618062352,0.022586368224955158,1.0,1.0,3.0,3.0,0.1864135729659864
Random Forest,Embarked,0.010741872572815,0.013424015492586407,0.0,0.4,4.0,7.0,0.03951785885703067
Random Forest,Fare,0.010478642502849248,0.023353096844426914,0.0,0.4,4.0,7.0,0.19115410028672206
Random Forest,SibSp,0.008425890184471842,0.011787430976639491,0.0,0.6,5.0,7.0,0.037753652060343194
Random Forest,Parch,0.006988682780693421,0.004521177069896412,0.0,0.6,4.0,7.0,0.03487386695237353
Дерево,Sex,0.24358702667590837,0.033866551456493484,1.0,1.0,1.0,1.0,0.5909475451343357
Дерево,Pclass,0.09697573614698474,0.01994311131809453,1.0,1.0,2.0,2.0,0.24875062909103715
Дерево,Age,0.03511292901028899,0.004555965192829393,0.8,1.0,3.0,4.0,0.07768530374063949
Дерево,Fare,0.011568545057492382,0.016468023821959017,0.2,0.8,3.0,7.0,0.045028298200822464
Дерево,SibSp,0.005485404917322404,0.006919445427401631,0.0,1.0,5.0,5.0,0.037588223833165214
Дерево,Embarked,0.004525401816163055,0.010119106086441596,0.0,0.2,4.0,7.0,0.0
Дерево,Parch,0.0,0.0,0.0,0.0,6.0,6.0,0.0
