PassengerId,y_true,Контрольоване дерево,Random Forest,HistGradientBoosting,Tree proba,RF proba,Age,SibSp,Parch,Fare,Pclass,Sex,Embarked
378,1,1,1,0,0.6,0.5157964666251813,27.0,0,2,211.5,1,male,C
290,0,0,1,1,0.4594594594594595,0.6292259071873009,22.0,0,0,7.75,3,female,Q
568,1,1,1,0,0.6842105263157895,0.570065564009947,29.0,0,4,21.075,3,female,S
138,1,1,0,0,0.6103896103896104,0.27143040172615573,37.0,1,0,53.1,1,male,S
646,0,1,0,1,0.6588235294117647,0.4688973188399052,48.0,1,0,76.7292,1,male,C
169,1,1,1,0,0.6588235294117647,0.5987350274412296,,0,0,25.925,1,male,S
808,1,0,1,0,0.2916666666666667,0.5810179415361792,18.0,0,0,7.775,3,female,S
126,0,1,1,0,0.8884892086330936,0.7069718419744073,12.0,1,0,11.2417,3,male,C
17,1,0,1,1,0.0,0.5725737708170012,2.0,4,1,29.125,3,male,Q
868,1,1,1,0,0.6626506024096386,0.5367121426900452,31.0,0,0,50.4958,1,male,S
71,1,1,1,0,0.8884892086330936,0.7796224408333249,32.0,0,0,10.5,2,male,S
730,1,0,1,1,0.4594594594594595,0.7219470449056231,25.0,1,0,7.925,3,female,S
787,0,0,0,1,0.43037974683544306,0.4382321844539081,18.0,0,0,7.4958,3,female,S
255,1,0,1,1,0.43037974683544306,0.5683603750876052,41.0,0,2,20.2125,3,female,S
461,0,1,0,0,0.6410256410256411,0.4655922721130568,48.0,0,0,26.55,1,male,S
839,0,1,0,0,0.8884892086330936,0.43851107242062615,32.0,0,0,56.4958,3,male,S
416,1,0,1,1,0.4177215189873418,0.6548109585788369,,0,0,8.05,3,female,S
637,1,1,0,0,0.8932384341637011,0.44594581352151624,32.0,0,0,7.925,3,male,S
742,1,1,0,0,0.6103896103896104,0.321389498185252,36.0,1,0,78.85,1,male,S
883,1,0,0,1,0.4594594594594595,0.49356316948118745,22.0,0,0,10.5167,3,female,S
579,1,0,1,1,0.3235294117647059,0.5461874301897186,,1,0,14.4583,3,female,C
573,0,1,0,0,0.6588235294117647,0.24884931974526348,36.0,0,0,26.3875,1,male,S
115,1,0,0,1,0.3235294117647059,0.4858497512471131,17.0,0,0,14.4583,3,female,C
316,0,0,1,1,0.2916666666666667,0.7268319252855073,26.0,0,0,7.8542,3,female,S
28,1,1,0,1,0.6,0.4362353791724673,19.0,3,2,263.0,1,male,S
448,0,1,0,0,0.6103896103896104,0.2930680253855741,34.0,0,0,26.55,1,male,S
618,1,1,0,0,0.6842105263157895,0.34067229836435575,26.0,1,0,16.1,3,female,S
633,0,1,1,0,0.6588235294117647,0.5713683674658648,32.0,0,0,30.5,1,male,C
820,1,0,1,1,0.0,0.7958455429211335,10.0,3,2,27.9,3,male,S
277,1,0,1,1,0.43037974683544306,0.6392825215899557,45.0,0,0,7.75,3,female,S
114,1,0,1,1,0.4177215189873418,0.6741985104779595,20.0,1,0,9.825,3,female,S
185,0,0,1,0,0.43037974683544306,0.5635549931200713,4.0,0,2,22.025,3,female,S
397,1,0,1,0,0.2916666666666667,0.6040897841973156,31.0,0,0,7.8542,3,female,S
537,1,1,0,0,0.6588235294117647,0.30397885132887187,45.0,0,0,26.55,1,male,S
193,0,0,1,1,0.4594594594594595,0.753261544026574,19.0,1,0,7.8542,3,female,S
352,1,1,0,0,0.6626506024096386,0.41940145737295925,,0,0,35.0,1,male,S
672,1,1,0,1,0.6103896103896104,0.3518068360027312,31.0,1,0,52.0,1,male,S
31,1,1,0,1,0.6626506024096386,0.385642408680466,40.0,0,0,27.7208,1,male,C
165,1,0,1,1,0.5,0.6283868915198276,1.0,4,1,39.6875,3,male,S
256,0,0,1,1,0.4594594594594595,0.583120137164255,29.0,0,2,15.2458,3,female,C
453,1,1,0,0,0.6626506024096386,0.37840970157275905,30.0,0,0,27.75,1,male,C
692,0,1,0,0,0.65,0.4304936942852543,4.0,0,1,13.4167,3,female,C
506,1,1,0,0,0.6103896103896104,0.4687762352307321,18.0,1,0,108.9,1,male,C
767,1,1,0,0,0.6626506024096386,0.4872221654762446,,0,0,39.6,1,male,C
584,1,1,0,0,0.6626506024096386,0.21330298421604169,36.0,0,0,40.125,1,male,C
608,0,1,1,0,0.6103896103896104,0.5134950059852302,27.0,0,0,30.5,1,male,S
382,0,1,0,0,0.65,0.35305607192371885,1.0,0,2,15.7417,3,female,C
377,0,1,0,0,0.6842105263157895,0.33360965322686087,22.0,0,0,7.25,3,female,S
699,1,1,1,0,0.6588235294117647,0.5404651625347209,49.0,1,1,110.8833,1,male,C
783,1,1,0,0,0.6,0.3392613159659956,29.0,0,0,30.0,1,male,S
187,0,1,0,0,0.65,0.2199118279667817,,1,0,15.5,3,female,Q
156,1,1,1,0,0.6,0.6578130400016011,51.0,0,1,61.3792,1,male,C
348,0,1,0,0,0.6842105263157895,0.38126139929983316,,1,0,16.1,3,female,S
107,0,0,0,1,0.4594594594594595,0.3907467342213192,21.0,0,0,7.65,3,female,S
803,0,1,0,0,0.6588235294117647,0.42543490642132464,11.0,1,2,120.0,1,male,S
112,1,0,1,1,0.4594594594594595,0.546452427918372,14.5,1,0,14.4542,3,female,C
294,1,0,1,1,0.43037974683544306,0.6352610048292434,24.0,0,0,8.85,3,female,S
63,1,1,0,0,0.6410256410256411,0.46208133714043526,45.0,1,0,83.475,1,male,S
702,0,1,0,0,0.6588235294117647,0.24495674010268387,35.0,0,0,26.2875,1,male,S
133,1,0,0,1,0.43037974683544306,0.41539086731318725,47.0,1,0,14.5,3,female,S
41,1,0,1,1,0.4177215189873418,0.7783648476419047,40.0,1,0,9.475,3,female,S
725,0,1,0,0,0.6410256410256411,0.499986010401597,27.0,1,0,53.1,1,male,S
329,0,1,1,0,0.65,0.7270532565058492,31.0,1,1,20.525,3,female,S
435,1,1,0,0,0.6,0.4663813247908339,50.0,1,0,55.9,1,male,S
831,0,0,1,1,0.4594594594594595,0.5536746501405942,15.0,1,0,14.4542,3,female,C
513,0,1,0,0,0.6626506024096386,0.2884559547042971,36.0,0,0,26.2875,1,male,S
516,1,1,1,0,0.6410256410256411,0.6247721708702257,47.0,0,0,34.0208,1,male,S
172,1,0,1,1,0.0,0.5512404374836677,4.0,4,1,29.125,3,male,Q
681,1,1,0,1,0.65,0.28201644681088917,,0,0,8.1375,3,female,Q
504,1,0,1,1,0.4594594594594595,0.5447449615241651,37.0,0,0,9.5875,3,female,S
65,1,1,1,0,0.6588235294117647,0.5644511428498096,,0,0,27.7208,1,male,C
340,1,1,1,0,0.6410256410256411,0.5870817371209684,45.0,0,0,35.5,1,male,S
535,1,0,1,0,0.43037974683544306,0.5028012431059704,30.0,0,0,8.6625,3,female,S
375,1,1,1,0,0.65,0.5045356039657508,3.0,3,1,21.075,3,female,S
140,1,1,0,0,0.6103896103896104,0.3810964189456527,24.0,0,0,79.2,1,male,C
475,1,0,1,1,0.4594594594594595,0.6062653104140339,22.0,0,0,9.8375,3,female,S
75,0,1,1,0,0.9074074074074074,0.5057448611665196,32.0,0,0,56.4958,3,male,S
371,0,1,0,0,0.6103896103896104,0.42677752098201777,25.0,1,0,55.4417,1,male,C
36,1,1,0,0,0.6410256410256411,0.38721961670046595,42.0,1,0,52.0,1,male,S
9,0,1,1,0,0.65,0.5627307392379051,27.0,0,2,11.1333,3,female,S
50,1,0,1,1,0.4594594594594595,0.6097094310798481,18.0,1,0,17.8,3,female,S
252,1,0,1,1,0.43037974683544306,0.5097431467651132,29.0,1,1,10.4625,3,female,S
752,0,1,0,0,0.8851851851851852,0.3639221831166099,6.0,0,1,12.475,3,male,S
383,1,1,1,0,0.8884892086330936,0.5875237224197662,32.0,0,0,7.925,3,male,S
605,0,1,1,0,0.6410256410256411,0.6182440504102075,35.0,0,0,26.55,1,male,C
285,1,1,1,0,0.6588235294117647,0.5688388982293109,,0,0,26.0,1,male,S
337,1,1,0,0,0.6103896103896104,0.3296264511678572,29.0,1,0,66.6,1,male,S
712,1,1,0,0,0.6103896103896104,0.4192172645592885,,0,0,26.55,1,male,S
817,1,0,1,1,0.4177215189873418,0.5007369611939889,23.0,0,0,7.925,3,female,S
778,0,0,1,0,0.43037974683544306,0.5168107200047793,5.0,0,0,12.475,3,female,S
368,0,0,0,1,0.43037974683544306,0.3452478386146412,,0,0,7.2292,3,female,C
560,0,0,1,1,0.4177215189873418,0.6328582280524596,36.0,1,0,17.4,3,female,S
271,1,1,0,0,0.6626506024096386,0.38203013943968495,,0,0,31.0,1,male,S
565,1,0,1,1,0.43037974683544306,0.5550290832215137,,0,0,8.05,3,female,S
