Модель,fold,Ознака,PI,PI repeat std,rank
Дерево,1,Age,0.03534447558677641,0.011483755044263022,4.0
Дерево,1,SibSp,0.013910899581007764,0.0018266832589271889,5.0
Дерево,1,Parch,0.0,0.0,6.0
Дерево,1,Fare,0.039564963743249165,0.020608810343280427,3.0
Дерево,1,Pclass,0.1205486743769976,0.02187505263097113,2.0
Дерево,1,Sex,0.25573876767438175,0.03759883274569009,1.0
Дерево,1,Embarked,0.0,0.0,7.0
Random Forest,1,Age,0.06987208062231642,0.02772307525188463,3.0
Random Forest,1,SibSp,0.017258187340119323,0.013109576333708203,5.0
Random Forest,1,Parch,0.002576678135988725,0.005874334735162546,7.0
Random Forest,1,Fare,0.03118188239053283,0.017805806121021926,4.0
Random Forest,1,Pclass,0.11991690256720947,0.02604002051368323,2.0
Random Forest,1,Sex,0.20960734264408093,0.029991259179777022,1.0
Random Forest,1,Embarked,0.016625154633388945,0.010954274669676014,6.0
Дерево,2,Age,0.034359889746379726,0.013029878317521263,3.0
Дерево,2,SibSp,0.00042517027570981305,0.0018532742656164006,5.0
Дерево,2,Parch,0.0,0.0,6.0
Дерево,2,Fare,0.003759334878265003,0.01609070139164239,4.0
Дерево,2,Pclass,0.09141413593144501,0.011251787754683256,2.0
Дерево,2,Sex,0.2642212484634915,0.03405220582814664,1.0
Дерево,2,Embarked,0.0,0.0,7.0
Random Forest,2,Age,0.024886503339425214,0.01658363385627547,3.0
Random Forest,2,SibSp,0.00683549726876152,0.008663972328606759,5.0
Random Forest,2,Parch,0.008414529082243077,0.009600112398014055,4.0
Random Forest,2,Fare,-0.012974260056867309,0.01749916807498929,6.0
Random Forest,2,Pclass,0.06698617235714781,0.021680109429946203,2.0
Random Forest,2,Sex,0.21055660531908788,0.031579634921169386,1.0
Random Forest,2,Embarked,-0.013129738139808,0.010364513236594168,7.0
Дерево,3,Age,0.04224780852289907,0.015464959323218135,3.0
Дерево,3,SibSp,0.0009516061276116927,0.002854818382835078,5.0
Дерево,3,Parch,0.0,0.0,6.0
Дерево,3,Fare,0.013134079160368722,0.016690887381602033,4.0
Дерево,3,Pclass,0.11003177947597206,0.0245943314409694,2.0
Дерево,3,Sex,0.18429505409067334,0.0375802586046305,1.0
Дерево,3,Embarked,0.0,0.0,7.0
Random Forest,3,Age,0.07584907580228828,0.028444277897794714,3.0
Random Forest,3,SibSp,0.02106087326591215,0.007786318792247384,5.0
Random Forest,3,Parch,0.013843360019531504,0.0031631562462197554,7.0
Random Forest,3,Fare,0.03898839725988654,0.010839668548068988,4.0
Random Forest,3,Pclass,0.10193392856142396,0.022166394641362885,2.0
Random Forest,3,Sex,0.19921257718150923,0.029269954575736407,1.0
Random Forest,3,Embarked,0.014406161305340209,0.011798919965175857,6.0
Дерево,4,Age,0.03400073384259854,0.014527717083009862,3.0
Дерево,4,SibSp,0.0,0.0,5.0
Дерево,4,Parch,0.0,0.0,6.0
Дерево,4,Fare,0.0013843475055790254,0.015803926472155047,4.0
Дерево,4,Pclass,0.09469430157094919,0.02044929234698718,2.0
Дерево,4,Sex,0.2654282508718011,0.03896951335627975,1.0
Дерево,4,Embarked,0.0,0.0,7.0
Random Forest,4,Age,0.04128569006518565,0.018527288626152,3.0
Random Forest,4,SibSp,0.006170127409467152,0.008743874479186925,6.0
Random Forest,4,Parch,0.0067567785333192635,0.009458370363055116,5.0
Random Forest,4,Fare,-0.007796237186663513,0.015096274526029851,7.0
Random Forest,4,Pclass,0.06909160611246741,0.025533090710483274,2.0
Random Forest,4,Sex,0.18999913769938104,0.037938426567446885,1.0
Random Forest,4,Embarked,0.017495303351281372,0.012792345389715827,4.0
Дерево,5,Age,0.029611737352791247,0.014023303634797308,3.0
Дерево,5,SibSp,0.012139348602282751,0.0037268793508018756,5.0
Дерево,5,Parch,0.0,0.0,6.0
Дерево,5,Fare,0.0,0.0,7.0
Дерево,5,Pclass,0.0681897893795598,0.020150666223538234,2.0
Дерево,5,Sex,0.24825181227919413,0.04319755952450504,1.0
Дерево,5,Embarked,0.022627009080815275,0.020227760093265806,4.0
Random Forest,5,Age,0.03340813107390203,0.024194254445535406,3.0
Random Forest,5,SibSp,-0.009195234361900933,0.008009684561888488,7.0
Random Forest,5,Parch,0.0033520681323845392,0.00581135065285915,5.0
Random Forest,5,Fare,0.0029934301073576974,0.011438517084591952,6.0
Random Forest,5,Pclass,0.08573763903709783,0.026206061357468814,2.0
Random Forest,5,Sex,0.22181192785685616,0.036748482924164876,1.0
Random Forest,5,Embarked,0.018312481713872474,0.014727912597239254,4.0
