Модель,fold,macro F1
Baseline,0,0.38095238095238093
Baseline,1,0.38095238095238093
Baseline,2,0.3826086956521739
Baseline,3,0.3826086956521739
Baseline,4,0.3799126637554585
Baseline,5,0.38095238095238093
Baseline,6,0.38095238095238093
Baseline,7,0.3826086956521739
Baseline,8,0.3826086956521739
Baseline,9,0.3799126637554585
Baseline,10,0.38095238095238093
Baseline,11,0.38095238095238093
Baseline,12,0.3826086956521739
Baseline,13,0.3826086956521739
Baseline,14,0.3799126637554585
Baseline,15,0.38095238095238093
Baseline,16,0.38095238095238093
Baseline,17,0.3826086956521739
Baseline,18,0.3826086956521739
Baseline,19,0.3799126637554585
Необмежене дерево,0,0.7193181818181817
Необмежене дерево,1,0.7817942646671928
Необмежене дерево,2,0.7721885835532785
Необмежене дерево,3,0.7855543404676353
Необмежене дерево,4,0.760942760942761
Необмежене дерево,5,0.7192954533396998
Необмежене дерево,6,0.7163996948893974
Необмежене дерево,7,0.7329153605015675
Необмежене дерево,8,0.807105538140021
Необмежене дерево,9,0.7742209031163876
Необмежене дерево,10,0.7824543610547667
Необмежене дерево,11,0.7554035142279584
Необмежене дерево,12,0.7814039408866995
Необмежене дерево,13,0.7460016835016835
Необмежене дерево,14,0.7591689633241467
Необмежене дерево,15,0.7582417582417582
Необмежене дерево,16,0.70655090765588
Необмежене дерево,17,0.728096051337784
Необмежене дерево,18,0.7960095770151636
Необмежене дерево,19,0.7486456042482433
Контрольоване дерево (nested),0,0.7968429360694554
Контрольоване дерево (nested),1,0.7884615384615384
Контрольоване дерево (nested),2,0.742815744989133
Контрольоване дерево (nested),3,0.7975605892602566
Контрольоване дерево (nested),4,0.7681697911388843
Контрольоване дерево (nested),5,0.7173255813953487
Контрольоване дерево (nested),6,0.8146996319908775
Контрольоване дерево (nested),7,0.7839130434782609
Контрольоване дерево (nested),8,0.8094943240454076
Контрольоване дерево (nested),9,0.8042891008324604
Контрольоване дерево (nested),10,0.7759952465834818
Контрольоване дерево (nested),11,0.8159588159588159
Контрольоване дерево (nested),12,0.8386625547800681
Контрольоване дерево (nested),13,0.7655298069805843
Контрольоване дерево (nested),14,0.7818740399385561
Контрольоване дерево (nested),15,0.8419889502762431
Контрольоване дерево (nested),16,0.7370884171820157
Контрольоване дерево (nested),17,0.8193767224931101
Контрольоване дерево (nested),18,0.8162811157687729
Контрольоване дерево (nested),19,0.7706488443330548
Random Forest,0,0.8223410576351753
Random Forest,1,0.7951615470316727
Random Forest,2,0.8199459727658636
Random Forest,3,0.8095800032183662
Random Forest,4,0.763879203990774
Random Forest,5,0.7556902728024248
Random Forest,6,0.8035714285714286
Random Forest,7,0.8130348913759051
Random Forest,8,0.8248136029608968
Random Forest,9,0.7974544656572307
Random Forest,10,0.8282775544301153
Random Forest,11,0.8616129032258064
Random Forest,12,0.7876068376068376
Random Forest,13,0.8061698061698062
Random Forest,14,0.7932810750279955
Random Forest,15,0.7847311827956989
Random Forest,16,0.7581956035564283
Random Forest,17,0.7943464034758354
Random Forest,18,0.8715615855280661
Random Forest,19,0.7839130434782609
HistGradientBoosting,0,0.8103347657700674
HistGradientBoosting,1,0.7951615470316727
HistGradientBoosting,2,0.7960095770151636
HistGradientBoosting,3,0.8027777777777778
HistGradientBoosting,4,0.7876068376068376
HistGradientBoosting,5,0.7939937943262412
HistGradientBoosting,6,0.7685480081449381
HistGradientBoosting,7,0.8079316128334144
HistGradientBoosting,8,0.8425471249801996
HistGradientBoosting,9,0.8262303804203246
HistGradientBoosting,10,0.8351153039832285
HistGradientBoosting,11,0.8337912087912087
HistGradientBoosting,12,0.8095800032183662
HistGradientBoosting,13,0.7684782608695653
HistGradientBoosting,14,0.8095800032183662
HistGradientBoosting,15,0.7850515731094179
HistGradientBoosting,16,0.7450980392156863
HistGradientBoosting,17,0.7876068376068376
HistGradientBoosting,18,0.8482905982905983
HistGradientBoosting,19,0.7596505596505596
