PassengerId,part
853,train
708,train
663,train
34,train
557,train
249,train
162,train
841,train
622,train
378,train
524,train
685,train
338,train
60,train
290,train
612,train
717,train
105,train
568,train
457,train
35,train
116,train
138,train
646,train
630,train
825,train
400,train
67,train
407,train
542,train
170,train
688,train
735,train
203,train
229,train
443,train
828,train
263,train
496,train
861,train
449,train
359,train
815,train
270,train
629,train
807,train
79,train
758,train
283,train
648,train
341,train
694,train
488,train
554,train
545,train
274,train
656,train
386,train
319,train
660,train
291,train
16,train
169,train
471,train
210,train
102,train
505,train
808,train
870,train
727,train
548,train
205,train
318,train
444,train
335,train
126,train
583,train
310,train
479,train
690,train
860,train
418,train
863,train
247,train
100,train
616,train
6,train
642,train
826,train
442,train
320,train
150,train
697,train
721,train
273,train
22,train
546,train
771,train
703,train
514,train
768,train
369,train
434,train
17,train
704,train
868,train
254,train
314,train
713,train
23,train
388,train
396,train
754,train
838,train
281,train
788,train
80,train
225,train
327,train
741,train
71,train
689,train
675,train
227,train
886,train
766,train
200,train
160,train
734,train
684,train
730,train
106,train
24,train
242,train
533,train
447,train
787,train
395,train
595,train
88,train
49,train
255,train
215,train
731,train
625,train
461,train
839,train
101,train
416,train
637,train
503,train
673,train
413,train
559,train
240,train
736,train
846,train
873,train
61,train
235,train
827,train
774,train
816,train
639,train
202,train
33,train
163,train
652,train
199,train
308,train
445,train
439,train
666,train
527,train
742,train
103,train
321,train
751,train
677,train
854,train
617,train
483,train
474,train
166,train
109,train
829,train
25,train
85,train
883,train
579,train
806,train
785,train
553,train
586,train
208,train
573,train
882,train
127,train
52,train
211,train
610,train
233,train
315,train
288,train
552,train
115,train
511,train
76,train
316,train
540,train
343,train
204,train
128,train
489,train
526,train
529,train
201,train
497,train
509,train
682,train
884,train
28,train
448,train
798,train
419,train
569,train
492,train
326,train
842,train
482,train
357,train
428,train
486,train
618,train
365,train
720,train
850,train
344,train
268,train
37,train
631,train
183,train
604,train
27,train
633,train
391,train
792,train
556,train
141,train
398,train
356,train
797,train
820,train
657,train
277,train
168,train
621,train
518,train
124,train
46,train
818,train
452,train
889,train
114,train
185,train
832,train
167,train
855,train
661,train
40,train
572,train
367,train
620,train
636,train
104,train
599,train
361,train
244,train
801,train
662,train
581,train
272,train
427,train
862,train
397,train
866,train
747,train
373,train
624,train
309,train
78,train
424,train
537,train
129,train
51,train
664,train
267,train
473,train
184,train
171,train
182,train
59,train
2,train
750,train
763,train
94,train
89,train
412,train
724,train
193,train
609,train
87,train
864,train
265,train
4,train
336,train
728,train
679,train
591,train
597,train
507,train
780,train
711,train
352,train
672,train
399,train
29,train
77,train
723,train
450,train
228,train
762,train
31,train
301,train
165,train
719,train
221,train
256,train
453,train
317,train
650,train
248,train
849,train
695,train
501,train
324,train
885,train
239,train
121,train
566,train
510,train
856,train
683,train
237,train
74,train
804,train
643,train
551,train
822,train
379,train
136,train
577,train
278,train
881,train
692,train
744,train
12,train
83,train
95,train
234,train
506,train
738,train
243,train
21,train
716,train
287,train
767,train
584,train
466,train
722,train
592,train
349,train
669,train
789,train
403,train
282,train
20,train
69,train
508,train
515,train
843,train
887,train
346,train
437,train
761,train
312,train
608,train
331,train
130,train
11,train
264,train
306,train
196,train
382,train
377,train
293,train
188,train
726,train
459,train
465,train
528,train
793,train
603,train
632,train
834,train
297,train
53,train
58,train
699,train
840,train
544,train
468,train
871,train
345,train
876,train
305,train
878,train
217,train
783,train
756,train
628,train
238,train
43,train
517,train
523,train
187,train
156,train
865,train
454,train
380,train
812,train
574,train
122,train
131,train
56,train
159,train
588,train
39,train
18,train
765,train
430,train
495,train
191,train
123,train
348,train
491,train
627,train
364,train
178,train
623,train
107,train
32,train
641,train
635,train
803,train
422,train
558,train
784,train
381,train
401,train
594,train
86,train
410,train
593,train
112,train
250,train
670,train
98,train
587,train
438,train
294,train
91,train
63,train
702,train
266,train
676,train
691,train
62,train
5,train
696,train
303,train
216,train
72,train
133,train
175,train
224,train
781,train
791,train
41,train
725,train
30,train
564,train
212,train
879,train
423,train
748,train
745,train
329,train
435,train
831,train
406,train
513,train
432,train
333,train
578,train
376,train
602,train
869,train
800,train
68,train
47,train
481,train
499,train
539,train
276,train
570,train
180,train
246,train
194,train
132,train
198,train
706,train
516,train
172,train
311,train
681,train
640,train
504,train
522,train
55,train
65,train
13,train
360,train
701,train
351,train
580,train
775,train
571,train
325,train
241,train
543,train
66,train
458,train
674,train
472,train
776,train
340,train
353,train
73,train
456,train
606,train
251,train
328,train
195,train
535,train
366,train
700,train
848,train
718,train
598,train
743,train
769,train
372,train
261,train
375,train
143,train
872,train
836,train
659,train
502,train
15,train
521,train
880,train
14,train
786,train
44,train
494,train
140,train
408,train
651,train
10,train
795,train
7,train
302,train
532,train
425,train
475,train
394,train
796,train
493,train
470,train
304,train
75,train
421,train
174,train
371,train
54,train
411,train
782,train
218,train
759,train
799,train
36,train
596,train
370,train
9,train
385,train
433,train
148,train
145,train
541,train
164,train
330,train
830,train
402,train
99,train
155,train
117,train
253,train
464,train
715,train
50,train
350,train
467,train
626,train
746,train
111,train
192,train
284,train
837,train
223,train
392,train
655,train
847,train
460,train
478,train
96,train
213,train
252,train
118,train
823,train
307,train
760,train
824,train
232,train
752,train
57,train
582,train
687,train
671,train
614,train
383,train
153,train
538,train
605,train
813,train
275,train
342,train
753,train
534,train
772,train
214,train
207,train
607,train
285,train
858,train
337,train
260,train
500,train
300,train
712,train
455,train
322,train
817,train
269,train
686,train
108,train
778,train
151,train
852,train
709,train
259,train
125,train
368,train
219,train
667,train
441,train
560,train
119,train
845,train
561,train
638,train
589,train
549,train
334,train
245,train
206,train
271,train
354,train
779,train
426,train
565,train
197,test
805,test
8,test
135,test
484,test
190,test
81,test
137,test
142,test
436,test
230,test
833,test
757,test
874,test
257,test
729,test
619,test
299,test
157,test
384,test
740,test
678,test
289,test
279,test
387,test
339,test
144,test
173,test
431,test
440,test
653,test
737,test
429,test
698,test
857,test
414,test
755,test
476,test
362,test
498,test
469,test
323,test
707,test
555,test
209,test
851,test
415,test
562,test
835,test
794,test
550,test
888,test
519,test
176,test
146,test
26,test
97,test
802,test
292,test
732,test
649,test
389,test
390,test
220,test
705,test
420,test
490,test
739,test
575,test
480,test
296,test
600,test
409,test
611,test
154,test
374,test
186,test
770,test
42,test
811,test
286,test
417,test
313,test
601,test
890,test
790,test
821,test
446,test
693,test
647,test
733,test
222,test
749,test
332,test
149,test
139,test
120,test
231,test
714,test
819,test
92,test
477,test
134,test
393,test
113,test
536,test
809,test
525,test
295,test
38,test
512,test
810,test
654,test
877,test
70,test
891,test
645,test
859,test
226,test
567,test
404,test
236,test
161,test
3,test
777,test
262,test
147,test
462,test
45,test
158,test
84,test
563,test
764,test
181,test
644,test
668,test
358,test
48,test
531,test
355,test
189,test
19,test
613,test
64,test
590,test
1,test
875,test
298,test
363,test
93,test
634,test
665,test
485,test
773,test
844,test
547,test
585,test
680,test
280,test
530,test
405,test
814,test
347,test
520,test
658,test
867,test
177,test
90,test
258,test
487,test
710,test
615,test
82,test
451,test
463,test
179,test
576,test
110,test
152,test
