Модель,seed,macro F1
Контрольоване дерево,0,0.7921383668199895
Random Forest,0,0.7969423823145596
HistGradientBoosting,0,0.8156557389326469
Необмежене дерево,0,0.7583583732730719
Контрольоване дерево,1,0.8055059053297456
Random Forest,1,0.8027359307359307
HistGradientBoosting,1,0.8061266167460858
Необмежене дерево,1,0.7468894418769997
Контрольоване дерево,2,0.7990420671316978
Random Forest,2,0.8030956434565426
HistGradientBoosting,2,0.8193120773523785
Необмежене дерево,2,0.7540731374933798
Контрольоване дерево,3,0.7986629625072583
Random Forest,3,0.7975512188557451
HistGradientBoosting,3,0.8089042051810579
Необмежене дерево,3,0.7776002851063384
Контрольоване дерево,4,0.8016281398284794
Random Forest,4,0.8061722740275341
HistGradientBoosting,4,0.8099322293695694
Необмежене дерево,4,0.7683045883501465
Контрольоване дерево,5,0.8085237168322918
Random Forest,5,0.8167738196413241
HistGradientBoosting,5,0.8112455637747467
Необмежене дерево,5,0.7686231376862314
Контрольоване дерево,6,0.7966740743126456
Random Forest,6,0.8061722740275341
HistGradientBoosting,6,0.8150192706152641
Необмежене дерево,6,0.7609985744123595
Контрольоване дерево,7,0.7790849101953414
Random Forest,7,0.8002674756173142
HistGradientBoosting,7,0.8024451046682375
Необмежене дерево,7,0.7458942161103925
Контрольоване дерево,8,0.7821963903334352
Random Forest,8,0.7929790054303674
HistGradientBoosting,8,0.7919838762945963
Необмежене дерево,8,0.7590514529868393
Контрольоване дерево,9,0.8088419545373188
Random Forest,9,0.8071819314304285
HistGradientBoosting,9,0.8231222587719298
Необмежене дерево,9,0.7573444209665326
