max_depth,min_samples_leaf,Train F1,CV F1,CV std,Gap,Глибина,Листків,Вузлів
2,1,0.7726068679796464,0.7641006641758161,0.03403049699843344,0.00850620380383027,2,4,7
2,2,0.7726068679796464,0.7641006641758161,0.03403049699843344,0.00850620380383027,2,4,7
2,5,0.7726068679796464,0.7641006641758161,0.03403049699843344,0.00850620380383027,2,4,7
2,10,0.7726068679796464,0.7641006641758161,0.03403049699843344,0.00850620380383027,2,4,7
2,20,0.7699181680166364,0.7693490640754818,0.03284526505287228,0.0005691039411546139,2,4,7
3,1,0.8167283691837792,0.7914289257739853,0.021384173225309697,0.025299443409793954,3,8,15
3,2,0.8163882260410062,0.7873513000362931,0.01753611749780819,0.029036926004713193,3,8,15
3,5,0.8144891014462307,0.7846529340961708,0.014580964633391437,0.029836167350059895,3,8,15
3,10,0.8108300360879566,0.7846529340961708,0.014580964633391437,0.0261771019917858,3,7,13
3,20,0.8059850798637695,0.7808614248666111,0.01722144763439662,0.025123654997158407,3,7,13
4,1,0.8248589113502144,0.7862442441363494,0.019972904547575887,0.03861466721386497,4,14,27
4,2,0.8238213803126845,0.7838598369726992,0.017839155573928768,0.03996154333998525,4,14,27
4,5,0.8149781885572711,0.7831066793548089,0.023130777435489948,0.03187150920246218,4,14,27
4,10,0.8078244912044832,0.7767546887108278,0.02282551058133971,0.03106980249365543,4,12,23
4,20,0.8051310327822938,0.7674802353454138,0.018677003566442876,0.037650797436880046,4,13,25
5,1,0.839512808210017,0.7727142841351554,0.012399952052375698,0.06679852407486153,5,21,41
5,2,0.835452085605074,0.7696153389695406,0.015360677664336499,0.0658367466355334,5,20,39
5,5,0.8332841873018262,0.7614562827829358,0.015003859135980296,0.07182790451889043,5,21,41
5,10,0.8300057882393309,0.7637481754076149,0.019378998491836375,0.06625761283171605,5,19,37
5,20,0.8135313552514548,0.7477152196537953,0.021066362367374275,0.06581613559765953,5,17,33
6,1,0.866348731834188,0.7899203905606704,0.020755376368456348,0.07642834127351761,6,32,63
6,2,0.8580584189288448,0.7929197608177077,0.016148014069267524,0.06513865811113717,6,30,59
6,5,0.8542898810832954,0.7976814142547921,0.01354178783838644,0.05660846682850329,6,29,57
6,10,0.8363269809099917,0.7752607342414426,0.022682822760705528,0.061066246668549096,6,26,51
6,20,0.8150359268746655,0.748998889131933,0.019297153044325402,0.06603703774273251,6,20,39
8,1,0.8978718077661698,0.8031368712274913,0.040811310526577105,0.09473493653867848,8,60,119
8,2,0.8818005709327364,0.7860541094611644,0.03563546717217232,0.09574646147157206,8,56,111
8,5,0.8689282913744585,0.8005420381536071,0.0157513404677292,0.06838625322085135,8,45,89
8,10,0.8417285796893829,0.7762922425151402,0.01314419431497657,0.06543633717424269,8,32,63
8,20,0.8150359268746655,0.748998889131933,0.019297153044325402,0.06603703774273251,8,23,45
None,1,0.984454411079007,0.7639596262898098,0.02389176337214844,0.22049478478919715,21,165,329
None,2,0.9200930594352202,0.7352390762334116,0.04116119799627675,0.18485398320180868,17,128,255
None,5,0.8741424539899938,0.7903918380706596,0.022828479107800004,0.08375061591933419,16,73,145
None,10,0.8417285796893829,0.7762922425151402,0.01314419431497657,0.06543633717424269,13,42,83
None,20,0.8150359268746655,0.748998889131933,0.019297153044325402,0.06603703774273251,10,25,49
