t_op,t_min
0.74,0.21
0.67,0.21
0.74,0.19
0.66,0.19
0.69,0.21
0.71,0.23
0.72,0.25
0.71,0.19
0.75,0.19
0.66,0.19
0.67,0.21
0.71,0.19
0.7,0.21
0.72,0.19
0.72,0.21
0.72,0.21
0.72,0.21
0.74,0.19
0.7,0.21
0.72,0.19
0.75,0.21
0.7,0.21
0.71,0.19
0.72,0.21
0.72,0.21
0.73,0.21
0.69,0.19
0.69,0.21
0.71,0.19
0.71,0.25
0.7,0.26
0.66,0.21
0.72,0.21
0.73,0.19
0.66,0.21
0.73,0.19
0.74,0.21
0.73,0.19
0.73,0.19
0.68,0.19
0.77,0.19
0.71,0.19
0.68,0.21
0.69,0.21
0.73,0.19
0.71,0.19
0.71,0.19
0.73,0.19
0.7,0.21
0.71,0.21
0.73,0.19
0.69,0.21
0.72,0.19
0.71,0.19
0.7,0.21
0.7,0.21
0.69,0.21
0.69,0.19
0.7,0.21
0.66,0.25
0.68,0.21
0.7,0.19
0.72,0.19
0.71,0.21
0.72,0.21
0.73,0.19
0.72,0.19
0.72,0.19
0.73,0.19
0.7,0.19
0.71,0.19
0.72,0.19
0.69,0.21
0.73,0.21
0.71,0.21
0.69,0.19
0.72,0.19
0.75,0.21
0.72,0.21
0.67,0.21
0.69,0.21
0.71,0.19
0.75,0.19
0.73,0.19
0.74,0.19
0.7,0.21
0.73,0.21
0.75,0.21
0.72,0.21
0.69,0.19
0.76,0.19
0.71,0.21
0.7,0.21
0.72,0.19
0.68,0.19
0.7,0.19
0.71,0.21
0.73,0.19
0.72,0.19
0.66,0.19
0.72,0.21
0.72,0.19
0.71,0.21
0.72,0.21
0.71,0.19
0.69,0.19
0.72,0.19
0.74,0.23
0.71,0.21
0.74,0.21
0.7,0.19
0.74,0.21
0.75,0.19
0.69,0.19
0.72,0.21
0.73,0.21
0.69,0.19
0.72,0.23
0.69,0.19
0.72,0.21
0.7,0.21
0.72,0.23
0.66,0.26
0.72,0.19
0.68,0.19
0.69,0.23
0.72,0.21
0.75,0.21
0.69,0.21
0.72,0.19
0.7,0.21
0.69,0.19
0.7,0.19
0.67,0.19
0.72,0.19
0.69,0.21
0.7,0.19
0.71,0.19
0.75,0.21
0.68,0.21
0.72,0.19
0.73,0.21
0.7,0.19
0.71,0.21
0.72,0.23
0.75,0.19
0.72,0.21
0.73,0.21
0.74,0.19
0.74,0.19
0.69,0.19
0.72,0.19
0.71,0.19
0.66,0.19
0.67,0.19
0.7,0.19
0.78,0.21
0.68,0.19
0.72,0.19
0.76,0.21
0.74,0.19
0.75,0.23
0.73,0.21
0.74,0.19
0.68,0.19
0.71,0.21
0.74,0.19
0.77,0.19
0.69,0.21
0.68,0.21
0.73,0.19
0.71,0.21
0.7,0.21
0.7,0.19
0.73,0.25
0.73,0.19
0.69,0.19
0.75,0.21
0.72,0.19
0.69,0.21
0.74,0.21
0.67,0.21
0.67,0.19
0.72,0.19
0.71,0.21
0.71,0.19
0.73,0.21
0.7,0.21
0.71,0.21
0.71,0.19
0.74,0.19
0.69,0.19
0.71,0.19
0.72,0.21
0.74,0.21
0.75,0.21
0.66,0.21
0.72,0.19
0.69,0.21
0.7,0.21
0.68,0.19
0.71,0.19
0.71,0.21
0.69,0.19
0.7,0.19
0.77,0.19
0.73,0.19
0.68,0.19
0.72,0.19
0.67,0.19
0.7,0.21
0.69,0.28
0.71,0.21
0.74,0.21
0.72,0.21
0.71,0.19
0.73,0.21
0.76,0.21
0.7,0.21
0.71,0.21
0.69,0.21
0.75,0.26
0.68,0.21
0.73,0.21
0.7,0.19
0.72,0.25
0.7,0.21
0.75,0.21
0.71,0.19
0.7,0.19
0.74,0.21
0.73,0.19
0.69,0.19
0.69,0.21
0.74,0.23
0.72,0.21
0.71,0.19
0.66,0.19
0.74,0.19
0.74,0.21
0.7,0.21
0.71,0.19
0.72,0.21
0.71,0.19
0.7,0.21
0.72,0.21
0.74,0.23
0.74,0.19
0.69,0.25
0.75,0.21
0.7,0.21
0.7,0.26
0.68,0.21
0.7,0.21
0.66,0.19
0.71,0.19
0.74,0.21
0.75,0.21
0.71,0.19
0.71,0.19
0.72,0.21
0.76,0.21
0.73,0.21
0.71,0.19
0.69,0.19
0.73,0.23
0.73,0.28
0.71,0.19
0.75,0.19
0.74,0.19
0.68,0.21
0.67,0.21
0.74,0.19
0.74,0.21
0.71,0.19
0.7,0.21
0.69,0.21
0.75,0.21
0.74,0.21
0.68,0.19
0.71,0.21
0.68,0.21
0.71,0.21
0.73,0.21
0.71,0.26
0.7,0.26
0.7,0.21
0.69,0.21
0.71,0.21
0.66,0.19
0.72,0.21
0.75,0.19
0.74,0.19
0.69,0.19
0.74,0.21
0.71,0.21
0.71,0.21
0.7,0.19
0.75,0.19
0.67,0.19
0.71,0.21
0.69,0.19
0.72,0.23
0.69,0.19
0.71,0.19
0.7,0.25
0.72,0.19
0.71,0.21
0.71,0.21
0.72,0.21
0.71,0.21
0.72,0.19
0.68,0.21
0.76,0.21
0.68,0.25
0.69,0.25
0.72,0.19
0.75,0.23
0.73,0.21
0.71,0.21
0.68,0.21
0.71,0.23
0.75,0.21
0.79,0.23
0.69,0.21
0.73,0.25
0.71,0.19
0.72,0.19
0.74,0.19
0.67,0.19
0.69,0.21
0.71,0.21
0.73,0.19
0.72,0.19
0.72,0.19
0.68,0.21
0.73,0.19
0.74,0.19
0.68,0.21
0.72,0.21
0.71,0.19
0.72,0.21
0.66,0.21
0.75,0.21
0.75,0.21
0.72,0.21
0.71,0.19
0.71,0.19
0.7,0.19
0.74,0.21
0.73,0.19
0.74,0.19
0.73,0.26
0.73,0.21
0.72,0.21
0.68,0.21
0.75,0.21
0.72,0.19
0.74,0.21
0.74,0.21
0.73,0.19
0.75,0.27
0.75,0.19
0.7,0.21
0.68,0.21
0.75,0.21
0.68,0.21
0.7,0.19
0.72,0.19
0.71,0.19
0.7,0.25
0.67,0.19
0.74,0.19
0.72,0.19
0.73,0.19
0.74,0.19
0.74,0.21
0.75,0.19
0.68,0.19
0.69,0.19
0.72,0.21
0.72,0.23
0.72,0.25
0.67,0.19
0.72,0.23
0.7,0.19
0.7,0.21
0.75,0.21
0.69,0.23
0.74,0.19
0.68,0.21
0.72,0.21
0.75,0.26
0.72,0.19
0.7,0.21
0.73,0.19
0.7,0.21
0.73,0.21
0.74,0.19
0.71,0.19
0.72,0.21
0.71,0.21
0.7,0.19
0.74,0.21
0.72,0.21
0.75,0.21
0.69,0.19
0.7,0.19
0.72,0.21
0.69,0.21
0.73,0.19
0.68,0.21
0.69,0.19
0.71,0.19
0.7,0.21
0.75,0.21
0.74,0.19
0.71,0.21
0.7,0.19
0.69,0.21
0.75,0.19
0.69,0.21
0.7,0.19
0.75,0.21
0.74,0.19
0.71,0.19
0.69,0.21
0.72,0.19
0.7,0.19
0.72,0.19
0.71,0.21
0.7,0.21
0.71,0.19
0.66,0.21
0.72,0.19
0.74,0.21
0.67,0.21
0.68,0.21
0.72,0.21
0.7,0.19
0.71,0.21
0.7,0.19
0.75,0.19
0.77,0.26
0.74,0.19
0.72,0.21
0.73,0.21
0.68,0.21
0.69,0.19
0.72,0.21
0.73,0.19
0.7,0.21
0.69,0.21
0.67,0.19
0.68,0.19
0.7,0.19
0.72,0.19
0.73,0.19
0.75,0.21
0.71,0.19
0.67,0.19
0.72,0.19
0.71,0.19
0.67,0.19
0.67,0.21
0.74,0.21
0.66,0.21
0.73,0.21
0.72,0.19
0.69,0.19
0.7,0.26
0.7,0.23
0.75,0.19
0.68,0.21
0.73,0.19
0.75,0.23
0.68,0.19
0.69,0.21
0.7,0.19
0.72,0.19
0.66,0.21
0.7,0.21
0.73,0.19
0.74,0.21
0.72,0.21
0.69,0.21
0.7,0.21
0.71,0.19
0.77,0.21
0.75,0.23
0.71,0.21
0.73,0.19
0.72,0.21
0.71,0.21
0.67,0.19
0.72,0.19
0.7,0.19
0.71,0.19
0.7,0.23
0.77,0.19
