object_id,y_true,score_raw,score_calibrated,fold
853,1,0.1954674816031083,0.2190397226796912,4
708,0,0.6439522293086319,0.6465003088125555,2
663,1,0.6750062082821157,0.6715538324001337,1
34,1,0.9369193557207748,0.9180129356363986,4
557,0,0.1204634520340346,0.15078652273349644,2
249,0,0.7177610848870544,0.7139506871571162,2
162,0,0.26304007972884863,0.2844558068391752,4
841,1,0.8854427787094663,0.8790214255333585,3
622,0,0.6907725574843783,0.69486090591441,3
378,1,0.23306803966676495,0.2571021917262473,4
524,0,0.09379207381361371,0.10298950782373058,3
685,1,0.9430646559543892,0.9279524676262282,4
338,0,0.05324936681595084,0.05915751625447396,5
60,1,0.9494161510598298,0.9459378215993993,3
290,0,0.24118081981083267,0.26414228499952624,1
612,1,0.934490803419695,0.9253037150057807,1
717,0,0.060865163444525104,0.06632905554634241,3
105,1,0.9701147915013391,0.9655600411153259,5
568,1,0.5191167710948575,0.5226607701301768,5
457,1,0.8166061166285898,0.8122351393752391,3
35,1,0.4387832295159812,0.45034685353312137,1
116,1,0.889283556580417,0.8828128782530581,3
138,1,0.6193802381876071,0.6247321317539756,5
646,0,0.6451750394412399,0.6421936200393324,3
630,1,0.8755936112322629,0.8633823350060249,4
825,1,0.9061980366537503,0.8965407272564763,1
400,0,0.14303342517246873,0.15604429094908887,3
67,0,0.18528864366256365,0.21092217616917538,4
407,1,0.9717042285599992,0.9667423246143265,5
542,1,0.5120129879724515,0.5323806183020966,3
170,1,0.8925232444586431,0.879254236589071,1
688,1,0.8580349792908575,0.844080991006645,2
735,1,0.6562825161354884,0.6521739532675962,1
203,1,0.9298419098579356,0.9234052219148761,3
229,1,0.6097223570135094,0.609157064529482,1
443,1,0.9208306940851806,0.915499657635476,3
828,0,0.3989498977320828,0.4040055758974022,2
263,1,0.8251627942579718,0.8127291791990765,2
496,1,0.8811844107017444,0.8638114367955604,2
861,1,0.9611625918740911,0.9537924001049083,1
449,0,0.25681767993800886,0.2756545723854625,1
359,0,0.35145947099061153,0.3674032109802408,5
815,1,0.9204462249041503,0.9138762377727713,3
270,0,0.08649935785365981,0.09738203217448754,3
629,1,0.9180413290049823,0.9101564754728577,5
807,1,0.6108817767007864,0.6140813731319696,1
79,0,0.48508102635696027,0.4909727441870837,3
758,1,0.6584665312173691,0.6480277614496002,4
283,1,0.8375634349754514,0.8194450970646807,4
648,0,0.5936243750124485,0.5880922965903165,5
341,0,0.5950185146820501,0.5961848653972877,4
694,1,0.8328081869654115,0.8150388179598901,2
488,1,0.6144915110009426,0.6081712199933627,5
554,0,0.8464168144780486,0.8365513325450188,3
545,1,0.6045701089092205,0.589342276393329,5
274,1,0.5277758921254854,0.5296570575653515,1
656,1,0.7390223138107693,0.7380936579275712,3
386,1,0.5822023943987535,0.5800304969542758,2
319,0,0.08199871460554856,0.09852899849411828,1
660,1,0.7276265403111574,0.711377985004484,1
291,0,0.05222392800770289,0.06946059455057851,2
16,0,0.41341683181258226,0.41525895034589055,5
169,1,0.521366701815393,0.5342480146890802,3
471,1,0.9388909519290607,0.9320149918187576,5
210,0,0.4524882708808022,0.46248012440529007,4
102,1,0.9216486290704602,0.9097316572147639,2
505,0,0.03433183141198864,0.04801212882347881,2
808,1,0.3461498424899933,0.3594655010890737,3
870,0,0.852382059402706,0.8455814651039252,5
727,0,0.32908849867795287,0.3482493727788565,2
548,0,0.6556542013709573,0.6394871313604806,2
205,0,0.8867104350517534,0.8783836613904638,5
318,1,0.8686467192901844,0.8541462316668059,1
444,0,0.1271853871014575,0.14965751795964588,2
335,0,0.09858956390773163,0.12295662793051391,2
126,0,0.8059235359644785,0.7908048474848449,1
583,1,0.873179568456946,0.8524292822338607,2
310,0,0.035419638602063826,0.048865883116323394,4
479,1,0.875958718330129,0.8639270071495377,1
690,0,0.02227663602838599,0.03622753505007985,4
860,1,0.8755268102369302,0.8646873964894556,3
418,0,0.12021225012875957,0.13212214229988575,3
863,0,0.14634608254879386,0.16217206257805492,3
247,1,0.35896889810919147,0.3709749936484892,4
100,1,0.7889143356590496,0.7786930437030288,1
616,0,0.19369633983911896,0.21407353597302767,1
6,1,0.8821342688110926,0.8727842084170149,5
642,0,0.026646611888181997,0.03693919917736161,4
826,1,0.8820702634781269,0.8728017803993525,5
442,1,0.8666056876726872,0.8545614567447496,1
320,0,0.09759965411131416,0.11986982049673196,2
150,1,0.8062681784302678,0.7883730322623471,2
697,1,0.9467145367240786,0.9355778628825475,2
721,0,0.07804505425929333,0.09729973574182837,4
273,0,0.28082620771128447,0.3037219450999428,4
22,0,0.791336085341257,0.7820845713787391,5
546,1,0.8041413013775787,0.7895694594451705,1
771,1,0.8840931291007695,0.8720409137397768,1
703,1,0.19398583261032173,0.21663095978800606,4
514,0,0.14807839485464572,0.18023651080807404,2
768,1,0.23925943282567988,0.2725999857373576,4
369,0,0.3310941766966987,0.3447710066973062,3
434,1,0.8525464378777237,0.8407194042624621,1
17,1,0.8592745661791361,0.8528670671507642,4
704,1,0.879336260425914,0.8566489763966244,2
868,1,0.5236422927178304,0.5383422142846843,2
254,1,0.9313900878028721,0.9168833374380236,4
314,1,0.9245374467381717,0.9168359307206987,5
713,0,0.7432169304696847,0.733268009879056,4
23,0,0.2285597032425644,0.2455524369806076,3
388,0,0.17055263199227175,0.1946750159073015,2
396,1,0.8699347024760726,0.8521576814209145,4
754,1,0.9073402006366504,0.899227945557627,5
838,1,0.9343923891477438,0.925192400491239,1
281,1,0.9647561550372786,0.9596034475969916,3
788,1,0.888632294571515,0.8795179144779349,5
80,0,0.4929912687244823,0.49655831512780163,5
225,0,0.6268570694580369,0.62129842117866,4
327,1,0.9736845509215629,0.9655276541341951,2
741,0,0.6042122733904182,0.6128830121089615,1
71,1,0.7333946191678805,0.7240224625169946,1
689,1,0.8867000150272806,0.8783890959914208,5
675,1,0.7833760815098285,0.7766373403518408,5
227,0,0.6686482669244502,0.6574062946311325,4
886,1,0.3619204873885573,0.40501323804291406,4
766,0,0.18231781165826016,0.19749493053197265,5
200,1,0.10926622413009522,0.130541591637969,2
160,1,0.9970977198991937,0.9950707625805274,2
734,1,0.7035187631712894,0.6891950892207781,4
684,1,0.9589931976925605,0.9513849699555047,1
730,1,0.4301707196702312,0.4423901036523638,1
106,1,0.8992361678747343,0.8857399653557718,2
24,0,0.4677902593176949,0.4823947033336185,4
242,0,0.4288444985127637,0.45569178123734216,4
533,1,0.8609567213921981,0.8527870350817235,3
447,0,0.09275974363120022,0.10380243704867242,3
787,0,0.27078007985034225,0.29697091844224416,2
395,0,0.4173282892346791,0.43385682993011554,2
595,1,0.8286632409751882,0.8104626379762466,2
88,1,0.9389096782509172,0.9320017421879899,5
49,1,0.9405707775123919,0.9303139056111993,1
255,1,0.5973593236169028,0.5922956360004344,2
215,1,0.9178870297941675,0.9069718909464045,1
731,0,0.052328933648917456,0.06600448088269333,1
625,1,0.8699816982446658,0.857752380996264,1
461,0,0.6834115907157936,0.6791221713429918,1
839,0,0.9069777123158601,0.8941891943908247,1
101,1,0.39846580703167583,0.4100161865901974,1
416,1,0.5382305464310255,0.5375849406182054,4
637,1,0.9109004423466107,0.8946413295843684,4
503,1,0.3908663217893962,0.41062590331257837,1
673,1,0.9266730038447731,0.9134712422399933,1
413,0,0.05820928008419864,0.07706971123284272,1
559,0,0.13624775126224797,0.15152793144530527,3
240,1,0.7843316187550463,0.764641375788798,4
736,1,0.9263147941060617,0.918298046132787,5
846,1,0.9422282718886399,0.930757333968493,2
873,1,0.5006270533795093,0.5207650324098023,5
61,1,0.8277507722092741,0.8146430996914594,5
235,1,0.6578324831637755,0.6514589899238268,2
827,1,0.9400337410127947,0.9311370142581826,5
774,1,0.8819463059081397,0.8648188143531782,2
816,1,0.6431232182654532,0.6488026421735307,4
639,1,0.7055434492387612,0.6798961427375191,1
202,1,0.9925532255149091,0.9903188447215805,1
33,0,0.39082011814570533,0.41057678885578947,1
163,1,0.9180376201737795,0.910158572711847,5
652,0,0.10995101035191762,0.12141776769023747,3
199,0,0.4114668792509998,0.42847635553307284,2
308,0,0.024637776331224506,0.02992454288106816,5
445,0,0.9405162125990127,0.9251743219089481,4
439,1,0.8730737874019824,0.8384286154297005,5
666,1,0.8628425659155919,0.8478225392797093,5
527,0,0.3568546699306807,0.36956213237048824,4
742,1,0.6112597707843781,0.613398419575374,5
103,1,0.44216846823106415,0.45874073390455034,1
321,1,0.9034800567949361,0.8953427748187641,5
751,0,0.09025105125139696,0.10310616990725019,5
677,1,0.8847246049028171,0.8709437316377316,2
854,0,0.04371919116071568,0.05943686063017404,2
617,1,0.9449360373012379,0.9328615857699454,4
483,1,0.9559491459726965,0.9470073192423887,1
474,0,0.06934801435142081,0.08952942617730976,2
166,0,0.850463812259932,0.8356833030376755,1
109,1,0.9306105024203016,0.9198328860999044,1
829,0,0.9161754024153721,0.9000022073103477,2
25,1,0.47067858707415444,0.4852516767703407,5
85,0,0.12019731204677543,0.14389706085108087,4
883,1,0.34145356612346484,0.35668289232274963,1
579,1,0.4325601353476254,0.432028715237609,5
806,1,0.9074323939468704,0.8909840235161893,4
785,1,0.888532333109817,0.8765598330952281,1
553,1,0.916169265974578,0.8999934348914191,2
586,0,0.03986024437140522,0.05585110875759831,4
208,0,0.8484168361053476,0.830889548645848,1
573,0,0.5936749771727501,0.6020003780102456,3
882,1,0.9142949316557072,0.8982482189707471,4
127,1,0.8700099988752749,0.8640599477584795,3
52,1,0.871482511623838,0.859454089056161,1
211,1,0.8826159006997606,0.868840276582891,2
610,0,0.09548748261366133,0.10235866645867685,5
233,1,0.9208223577081688,0.9099861846909562,5
315,1,0.8933332182888806,0.8758132350752934,4
288,1,0.8758932460990096,0.8638534435211104,1
552,1,0.6870551862409447,0.6804426170240175,1
115,1,0.21813861226457584,0.2267362381686389,5
511,0,0.8964448249766225,0.8753294890978512,2
76,1,0.9145977695630552,0.9066423373442133,5
316,0,0.41857370974919006,0.4287037987173578,3
540,0,0.043610711029924566,0.05768950242870339,2
343,1,0.6949382132357284,0.6851671521460081,2
204,1,0.9100995235856961,0.8880724687010751,4
128,0,0.9110148662032912,0.9030099075114348,5
489,1,0.9305616892498805,0.9230568301401276,5
526,1,0.9342172965196398,0.917944901499888,2
529,1,0.9347610403388706,0.9227773890211192,2
201,1,0.9245831027394253,0.9168094009376135,5
497,0,0.14569332167764856,0.17678681940602248,2
509,1,0.9121317920477369,0.9051615433052206,3
682,0,0.3708400691884891,0.3848833908104459,1
884,1,0.7473088735125921,0.7299264570616852,4
28,1,0.5188332222383731,0.5065222141762858,4
448,0,0.5140254082773246,0.5294922621647258,5
798,0,0.5038076563575691,0.5072904538480226,5
419,1,0.7601931002593261,0.7523429352401424,5
569,1,0.8755268102369302,0.8646873964894556,3
492,1,0.8995007419085878,0.891313114856902,5
326,0,0.035685056940529584,0.04516424209155436,4
842,1,0.5767115054023936,0.5781303535783101,2
482,1,0.8486163509090116,0.8324532535784192,4
357,0,0.055058267406341184,0.07246257955285901,2
428,0,0.10514429532213701,0.1223814275891593,1
486,1,0.6196251798206198,0.6298261767488197,3
618,1,0.5199162232200486,0.524327258714656,5
365,1,0.908976006207326,0.8999811858072801,5
720,1,0.9171404903223949,0.9042463227841614,2
850,0,0.0765838469070609,0.09336240355050435,4
344,1,0.7170071557688286,0.7114729620745112,5
268,0,0.9208306940851806,0.915499657635476,3
37,0,0.881945864745689,0.8648182318677344,2
631,0,0.8905826139749304,0.8729867516543033,4
183,1,0.9633664463980153,0.9533278098230364,2
604,1,0.9510717993715357,0.945128993426128,3
27,1,0.8819463059081397,0.8648188143531782,2
633,0,0.4517082204266746,0.45815647698617074,3
391,0,0.7361903520070562,0.7280301918675848,2
792,1,0.5728897225294644,0.5739449825629748,2
556,1,0.7910469209095234,0.7773475681625771,1
141,1,0.41667939905557083,0.42792609275437127,4
398,1,0.8299125147040508,0.8104685921195717,2
356,1,0.8995537613598213,0.8876884891093785,1
797,0,0.14005966695487565,0.1688597205401132,4
820,1,0.93318325581597,0.9276144055453713,5
657,1,0.9389060691698289,0.9320042986361391,5
277,1,0.5427195679585062,0.5452761500760044,2
168,1,0.7250734018352332,0.7088535563356139,3
621,1,0.8917865181883655,0.8839167427981011,3
518,1,0.8684124956199843,0.8620456777712828,3
124,0,0.20749011039784776,0.23228147514323136,4
46,1,0.914176947474286,0.9086963802414935,3
818,1,0.7303637707038659,0.7074117499783309,4
452,1,0.9290323409798359,0.9246138485985506,3
889,1,0.6158345914796194,0.613217755044219,5
114,1,0.40024061378911074,0.4113478720139705,4
185,0,0.23147039182850493,0.26213999180423525,2
832,0,0.5885129318721409,0.5911866651630654,4
167,0,0.11296555669743671,0.1349257788251062,1
855,1,0.2747849012653545,0.28778514136928396,3
661,0,0.8300206276664636,0.8160436310103152,2
40,0,0.27051540630425497,0.2816615259626439,3
572,0,0.23606353882613634,0.26492500440868144,1
367,0,0.18131379104298206,0.2144766706369973,2
620,1,0.6837724482878781,0.6777188104991457,1
636,0,0.17349126855814687,0.1870753086627306,5
104,1,0.9170730602828117,0.9041539196926281,2
599,1,0.8982688394862702,0.8795475426323868,4
361,1,0.9671341914339109,0.9578390064652543,3
244,1,0.8701727946368434,0.8524679039164053,4
801,1,0.791336085341257,0.7820845713787391,5
662,1,0.9090892878569538,0.8935710517173702,1
581,0,0.2031688698659915,0.216934887708502,5
272,0,0.88964913820015,0.8778040911658325,1
427,0,0.17355912632818402,0.19750999473378392,2
862,1,0.7113783603500778,0.7014543150039688,2
397,1,0.46593304892169074,0.4736628620191416,3
866,0,0.210245798737057,0.23446729703382263,2
747,1,0.8992914128672137,0.8932860223717908,3
373,1,0.8621756277644639,0.8502030771067574,1
624,1,0.865031893131137,0.8471744229734598,4
309,1,0.6850385335205273,0.6674007583244143,5
78,1,0.921637394624425,0.9097154227524644,2
424,1,0.5038416410880501,0.5119463246357683,2
537,1,0.6736879460776053,0.6768260522268653,3
129,0,0.4940642709009185,0.4960155374999065,4
51,1,0.921918097285904,0.912627586433239,1
664,1,0.9238544555118293,0.908505642136226,4
267,1,0.9663803343446047,0.957516769069528,2
473,0,0.27437394978972335,0.28779054254564834,5
184,0,0.6672195040326376,0.6630257377815446,4
171,1,0.7824425018395137,0.7696392518719208,1
182,1,0.6009903546576187,0.5888612847181994,3
59,0,0.09226716548220847,0.10417118983454572,3
2,0,0.06814369698180812,0.08721581770385824,4
750,1,0.8133902227962121,0.8037936161173418,4
763,0,0.7741411740069037,0.7522765206792278,4
94,1,0.9466673383661562,0.9334144459701852,2
89,0,0.10970451753705865,0.12306218153407944,3
412,1,0.8820663711799914,0.872802843540032,5
724,1,0.8859512048369806,0.8745905399614461,5
193,0,0.37243327294785533,0.38862752957377333,1
609,0,0.12469907421559472,0.1542529133653822,4
87,1,0.9147913150946954,0.9024049293272943,5
864,1,0.9233942735925919,0.9145115723623722,5
265,1,0.3310941766966987,0.3447710066973062,3
4,0,0.10904713257327905,0.1331527731320904,4
336,1,0.9141873132476185,0.9087101169750257,3
728,0,0.3908248990610794,0.41058187089992887,1
679,1,0.8386323983547738,0.795877363033071,2
591,1,0.932273880257665,0.925860728104516,3
597,0,0.1584161723120874,0.18613302073667273,2
507,0,0.22209167435862126,0.23949028886569593,1
780,0,0.10232294590995408,0.1205472467921303,1
711,0,0.04221750833379083,0.0503030866432238,3
352,1,0.5639801843521851,0.5827407058934122,2
672,1,0.5541815496565321,0.5650518046500506,5
399,1,0.6480787230020375,0.6426043250556542,2
29,0,0.33106965910607233,0.3447397078353703,3
77,1,0.9344075735878533,0.9252095959440682,1
723,1,0.7467928440208269,0.7328378692282201,2
450,0,0.7157852205089238,0.7084350968702383,1
228,1,0.8693190985701733,0.8573128357088305,1
762,1,0.9375804303907124,0.9234497268269998,4
31,1,0.5125917175315222,0.5166290207663748,2
301,0,0.34154787598954905,0.3725101907201349,4
165,1,0.9271839029934815,0.9121393477853598,4
719,1,0.9155729928412447,0.899139656115746,2
221,0,0.8381817990323532,0.8202380578905876,4
256,0,0.39356425349429563,0.3955523105128808,1
453,1,0.4061017996188216,0.42164247645061304,2
317,0,0.20623617522046872,0.2295308945984491,4
650,0,0.3908688022104143,0.4023121878243851,3
248,0,0.1697354324801209,0.20062159278261957,4
849,1,0.7451361069453625,0.7297303167054113,4
695,1,0.772292681900177,0.7685885999616978,5
501,1,0.847418449280412,0.8336179706352301,2
324,0,0.20053396950658822,0.22675588917245001,4
885,1,0.9145786446826316,0.9066530080597088,5
239,1,0.6201739765709401,0.6188735528219819,1
121,1,0.7254357950948154,0.71960284648091,1
566,1,0.9248745972720351,0.9153032754486161,1
510,0,0.9032594898345931,0.8953460427190851,3
856,0,0.36700090084933606,0.3788197796081587,3
683,1,0.8633106260666814,0.8493706342874318,2
237,1,0.8673236341232408,0.8478282147186579,2
74,1,0.8880216352114613,0.8801410889289927,3
804,0,0.7058605593804185,0.6904084393224404,1
643,1,0.3930634278574165,0.41548992769238713,3
551,0,0.35077624899288007,0.36594279365826,2
822,0,0.9213733768508533,0.9135417760140861,5
379,1,0.8365339040911614,0.8268462437102833,3
136,1,0.5667533240607127,0.559361183430156,1
577,0,0.1587168964818312,0.18255512674563837,2
278,1,0.6980845745168783,0.6938620285897811,3
881,0,0.1496245455627709,0.16811612331749756,1
692,0,0.1820798928895747,0.19183118081130557,3
744,1,0.9132056195121971,0.8972565247240997,4
12,0,0.19217046748850605,0.21929387171277526,1
83,0,0.3310870604285002,0.3447619221425517,3
95,1,0.9699242048489628,0.960146224633255,4
234,0,0.5477577807073052,0.5596135475785879,4
506,1,0.267269353524298,0.27867118129209795,5
738,0,0.40912661684109153,0.34447980694571995,5
243,1,0.7014557485790751,0.6981155507560416,3
21,1,0.7994911788922494,0.7884856627044964,5
716,1,0.8815111338578825,0.8751559762573397,3
287,0,0.9189352717703075,0.912320926964053,3
767,1,0.44968215729414757,0.46714635026868007,2
584,1,0.4664710655543764,0.4750563295847268,2
466,1,0.92971032663438,0.9148608609303931,4
722,1,0.90870083770002,0.9016163753884331,5
592,0,0.10692834517139402,0.12012764979742062,5
349,0,0.8446849805377618,0.840562282675266,3
669,1,0.9492521513121469,0.9432443602882593,3
789,0,0.8581816180721156,0.8401241186901262,2
403,1,0.4240722974997623,0.4384090235883679,3
282,1,0.8997924087485952,0.8879581622033598,1
20,0,0.4196883834314156,0.42532916993986464,1
69,0,0.6462356789690951,0.654480322166007,5
508,0,0.6055369098585557,0.6140745619981045,1
515,1,0.9110265786358067,0.9030034458930678,5
843,0,0.05014023608462809,0.06363392296112855,1
887,1,0.6846526143192853,0.681979913091486,3
346,0,0.1492694214266152,0.16285031288999738,5
437,1,0.518437215492819,0.5290395289547399,3
761,1,0.9390604633238611,0.9318937032971361,5
312,0,0.03869276067220153,0.041513054914065824,5
608,0,0.4363531914971416,0.45714861371580184,5
331,0,0.49117341438424905,0.501367435522995,5
130,1,0.9528708260379766,0.9470143012926968,3
11,0,0.27391445508790774,0.2951708090438793,1
264,1,0.6205948728485493,0.6239433218275978,4
306,0,0.24398651419361592,0.2892192566025141,4
196,0,0.10800409795952098,0.1143293296393083,5
382,0,0.1783815748062224,0.18795193052001327,3
377,0,0.40403327724450777,0.41430443163212494,5
293,1,0.6966174363419954,0.6689209861360875,4
188,0,0.6729219339786835,0.6725111616572557,2
726,1,0.8853786640036123,0.8789361886933641,3
459,0,0.3568546699306807,0.36956213237048824,4
465,1,0.914176947474286,0.9086963802414935,3
528,1,0.4732004846864589,0.4697164648603243,4
793,1,0.9620139601885699,0.9508227558049448,4
603,1,0.6120260228703952,0.6142978209774007,4
632,1,0.9600614452868269,0.9501780562917368,2
834,1,0.8801966958042224,0.8681619931482366,1
297,1,0.8376019997350249,0.8202433302694896,1
53,0,0.11905122135199521,0.13809871175617247,1
58,1,0.8310155655972205,0.8072798834686935,4
699,1,0.6680355872861982,0.661743975995257,3
840,0,0.5121630121506978,0.5211900410318039,1
544,0,0.8226195246068213,0.8120337590485013,5
468,1,0.748051847318671,0.7371796047114109,4
871,1,0.8879478798065952,0.870621840417022,4
345,1,0.7627236537044787,0.7476071317433667,2
876,0,0.20276077387966973,0.21274575180833574,5
305,1,0.914176947474286,0.9086963802414935,3
878,1,0.8911287904722072,0.8828315090148764,5
217,0,0.4590077390790806,0.4656285184264945,5
783,1,0.4826867315350109,0.4965278705284195,4
756,0,0.5405418512962191,0.5467141860172343,1
628,0,0.05490124072175716,0.06542541630182759,3
238,0,0.09079913153626241,0.11427534904318941,4
43,1,0.887512120237805,0.8749560530282215,5
517,0,0.18026542287896674,0.19959641229774303,1
523,1,0.8874847912726951,0.874977814707859,5
187,0,0.379072373776349,0.3944065731670679,3
156,1,0.5597980357959129,0.5582298294254637,4
865,1,0.6592481604864817,0.6578312882701699,3
454,0,0.592101978443869,0.5806171241472546,5
380,1,0.8548348024335087,0.836895856534649,4
812,1,0.9337557047297406,0.9213582332263557,2
574,0,0.3514474545587146,0.36741354827158085,5
122,1,0.921637394624425,0.9097154227524644,2
131,1,0.8936833001548292,0.8840072146994576,3
56,0,0.602097375368026,0.6109682280262051,1
159,1,0.9141357622347461,0.9086417957627698,3
588,0,0.8087479904872558,0.7818620515012614,2
39,1,0.44720244077598437,0.4645476777347925,3
18,0,0.8432984743220583,0.8261796856079421,4
765,1,0.8418882920720729,0.8282030384552613,2
430,0,0.9361344687187485,0.9288487883646832,5
495,1,0.8684467053127272,0.8545461124900999,2
191,0,0.20401992848818118,0.22890247727732213,4
123,1,0.6840973130705823,0.6730523006293915,3
348,0,0.5977220731636779,0.5973753942485991,5
491,1,0.953591485357476,0.9476750623674629,5
627,1,0.8380431921255458,0.8247841352981954,5
364,1,0.923503951239527,0.9109160375290597,2
178,1,0.07461406691366565,0.0865969471748902,5
623,0,0.8588291589159496,0.8476037233478056,5
107,0,0.333512016721199,0.3492945429185877,1
32,0,0.05617799640134268,0.06608200782074312,3
641,1,0.8634737375504467,0.8495818207594293,2
635,1,0.4945697635153485,0.5094894335988677,4
803,0,0.43514318895971327,0.4511967788336353,3
422,1,0.8598430894318727,0.8358205270940339,2
558,1,0.3294409561894835,0.34818297000716925,4
784,1,0.9611585713225387,0.9533798364901988,1
381,0,0.07026821851618043,0.07576415241408095,3
401,0,0.9347610403388706,0.9227773890211192,2
594,1,0.36824355418721955,0.3857332595319985,5
86,0,0.641691027664226,0.6515921367178064,3
410,1,0.7186808249034304,0.7147734044855049,1
593,1,0.9509141633596226,0.9382641873739607,4
112,1,0.2520278411904404,0.2683935333751585,1
250,1,0.8826856243495779,0.875794575584985,3
670,0,0.10615589781127369,0.13355014010138327,2
98,0,0.3833039220297787,0.3905205850936723,3
587,1,0.8237742696780544,0.8157734800429743,3
438,0,0.324099287964895,0.34119859577354683,2
294,1,0.32436944224732694,0.3473280728484311,2
91,1,0.9033252811748422,0.8915590710315159,1
63,1,0.6918535935573208,0.6901621744428578,1
702,0,0.5843930731983155,0.5933466284385366,3
266,1,0.7635812838290679,0.7524549570391782,1
676,1,0.853013667592604,0.8391844989781448,2
691,0,0.5931951547354368,0.6037929325231008,3
62,0,0.0793131309932986,0.09818311011538783,4
5,1,0.9234326511397424,0.9108175200520198,2
696,1,0.8947182914188846,0.8833670990484271,5
303,1,0.8578375636619936,0.8407397640417421,4
216,0,0.04524619527880685,0.052698969078600534,5
72,1,0.6271662946510959,0.6421236027110842,3
133,1,0.6522987440438457,0.6436472765913547,2
175,1,0.6701731571957599,0.65876490629819,1
224,1,0.9141873132476185,0.9087101169750257,3
781,0,0.1597255965173123,0.18144049996470857,2
791,1,0.8821042155573037,0.8727924802620234,5
41,1,0.6096979474602042,0.5992723057887508,4
725,0,0.5337841553337526,0.5478067850135023,1
30,1,0.9141873132476185,0.9087101169750257,3
564,1,0.9343923891477438,0.925192400491239,1
212,0,0.16344281143670672,0.1870955924586419,2
879,1,0.9405542609616581,0.9252379960780703,4
423,1,0.9161330303908217,0.909544030794421,3
748,0,0.13705283131357282,0.16005067271452614,2
745,0,0.9101266241744644,0.8985324940852643,1
329,0,0.5402399521462928,0.5466970408595458,3
435,1,0.7568439092384794,0.7454916649016489,4
831,0,0.25582861930712436,0.27198809848003164,1
406,1,0.7779549423214208,0.774300845722582,3
513,0,0.5828024342670439,0.5919359905691454,2
432,0,0.6276424854801355,0.6201781876894109,4
333,1,0.5802069505328394,0.5708327549091653,5
578,0,0.1280052561028468,0.14516236083459388,3
376,0,0.08384485936139413,0.10211811655023147,1
602,1,0.9344075735878533,0.9252095959440682,1
869,1,0.9140794187400836,0.908567106536223,3
800,1,0.5741278472534658,0.5743619872779097,5
68,1,0.858282113758183,0.844399589792531,2
47,1,0.8919484786037968,0.8871651737436425,3
481,1,0.9597141034346139,0.9556238880906328,5
499,1,0.08673306647227347,0.09760736390738849,3
539,1,0.921166149213336,0.9090333801242144,2
276,0,0.2560122005748057,0.2807448474807122,1
570,0,0.9133641486701304,0.9018682596627595,1
180,1,0.9269728912878952,0.9147213614788932,2
246,1,0.5883573600567756,0.6046184817075743,4
194,0,0.5784982701412027,0.5803766681265478,2
132,1,0.8855188065044789,0.8791224803001257,3
198,1,0.9487688844258934,0.9390515544398091,1
706,1,0.7803813631904165,0.7683281356773263,1
516,1,0.6720271275094605,0.6690336865407494,1
172,1,0.8692357679969448,0.8623606268904546,4
311,0,0.025541147528001483,0.03492683081305529,4
681,1,0.33102064565065403,0.34467713820155804,3
640,1,0.9535216113927892,0.9477220541721985,5
504,1,0.48664003372472214,0.4915885058129681,1
522,1,0.9035030337004287,0.8953303526968456,5
55,1,0.757626377493899,0.7464045974842252,3
65,1,0.4178211501245727,0.42749350036556066,3
13,1,0.859922069386078,0.841987320087313,4
360,0,0.35145947099061153,0.3674032109802408,5
701,0,0.03020745837994713,0.04017063719733487,2
351,1,0.8778471320120292,0.8639530187381075,2
580,0,0.9137981139688581,0.900765127424577,2
775,0,0.5020221295624747,0.5005435573347454,1
571,0,0.9300067869741687,0.919672671265432,5
325,1,0.9940273645006446,0.9924828683875836,5
241,1,0.4092407021758794,0.4232114864944572,2
543,1,0.5495932181543318,0.5564693735786116,1
66,0,0.9312649640813717,0.9172272904721623,4
458,0,0.14339143497330978,0.1715606647840137,4
674,0,0.7692130973346365,0.7503321573268895,4
472,1,0.9320392664152726,0.9198741739404149,2
776,1,0.8530168298404526,0.8391885551922873,2
340,1,0.6535637116485549,0.6524732776696545,1
353,1,0.8134858987587414,0.7962674972743788,4
73,1,0.61522477443141,0.6118744105963473,1
456,0,0.8781693541791387,0.8683163445090266,3
606,1,0.9460781706662359,0.933145780563876,4
251,1,0.9344711315537514,0.9252814898118474,1
328,0,0.23101933844220332,0.24354877644063247,5
195,0,0.08830468399642848,0.09918979555422756,3
535,1,0.3833618977957308,0.40183376137944954,2
366,1,0.9068816906314294,0.8952101131041511,1
700,1,0.958232208229333,0.9521735195456767,5
848,1,0.8959147277206173,0.883062166624085,5
718,0,0.1386069442044917,0.15168064957625033,3
598,1,0.9595456320627327,0.9540854373703027,3
743,0,0.03152410160507365,0.045414517983624815,4
769,1,0.9083770195462134,0.8952017065316743,4
372,1,0.9123331446141988,0.9053122443327343,5
261,1,0.8755879002264673,0.8633749826137906,4
375,1,0.3816793808602791,0.405565038225612,3
143,0,0.4511687547151099,0.46379553335015417,3
872,0,0.18002903517011337,0.19715412682689326,3
836,0,0.0983730981539163,0.12226957363419778,2
659,1,0.6505630733181476,0.6495902954349732,3
502,1,0.27177406892322475,0.28752798522958045,3
15,1,0.25975073822536493,0.2788069094588835,4
521,0,0.06174454260174053,0.07098882557963095,5
880,0,0.1384053082010792,0.14698134840789892,3
14,1,0.9699969147752423,0.9583283633075018,5
786,1,0.9035880768580026,0.897019176582328,3
44,0,0.05783008313213591,0.06739792789803632,3
494,1,0.7420988144726889,0.7240336380233,5
140,1,0.26167612620310665,0.2735372822306472,5
408,0,0.5666189110691778,0.5745879835837676,5
651,1,0.9405542609616581,0.9252379960780703,4
10,0,0.07782783164359351,0.09346457951652114,1
795,1,0.8836521002696469,0.8661881545861276,4
7,1,0.7158245038226064,0.7051973695035789,4
302,0,0.9582339842240833,0.9473319419495115,2
532,1,0.8755268102369302,0.8646873964894556,3
425,1,0.9112049402715444,0.8968465820168378,2
475,1,0.34169896267388594,0.3569312550843528,1
394,0,0.04296676315718965,0.053998549203181846,1
796,1,0.774937006191303,0.7684659578249171,3
493,1,0.7513512870979777,0.7498322886040826,3
470,0,0.2256380766467906,0.24610344445524643,1
304,0,0.14300993747645976,0.16700006010985366,1
75,0,0.9373061856849739,0.9280660999624364,5
421,1,0.898076237865898,0.879310085762166,4
174,1,0.889283556580417,0.8828128782530581,3
371,0,0.32813541549535324,0.34409820422207965,5
54,0,0.18407978554913956,0.204604211388184,1
411,1,0.9216486290704602,0.9097316572147639,2
782,0,0.05288210446139778,0.07133165603954213,2
218,1,0.8372338355430992,0.8251335254797024,1
759,1,0.9194840044707494,0.908200731203233,1
799,1,0.8730598608796496,0.8598409295520218,5
36,1,0.6767745145183423,0.6764065855305122,1
596,1,0.9480389435221558,0.938680960984907,1
370,0,0.026646611888181997,0.03693919917736161,4
9,0,0.47289960625885796,0.47888191204135605,3
385,1,0.9141873132476185,0.9087101169750257,3
433,0,0.2597361317920279,0.27321025381370456,3
148,1,0.4040875175424957,0.4188628967979438,1
145,1,0.6060285160327957,0.6075183153412381,3
541,0,0.08406269225937991,0.09778498205381003,5
164,1,0.8821559262706459,0.8737818281593528,5
330,0,0.020976655176526835,0.03052117970356751,4
830,0,0.2040235381558632,0.22717859904106472,1
402,1,0.8911478904560822,0.8774698913475235,2
99,0,0.22241430419386454,0.2345038168170789,5
155,1,0.9406565639993877,0.9254089962827035,4
117,1,0.9679092531575874,0.9583640084970613,1
253,1,0.7929945042392496,0.7789072611818689,4
464,1,0.8727914607869522,0.8507522586854553,4
715,1,0.8501778286780101,0.8417192412212183,3
50,1,0.35941706839626897,0.3761768282373592,1
350,1,0.9397475056065326,0.9257664043013277,4
467,1,0.7526168712027694,0.744296699796109,2
626,1,0.782872303043234,0.7691094876685328,4
746,1,0.9117559256827578,0.8969991848824007,2
111,1,0.6516089517180657,0.6463993363693916,4
192,1,0.6594344826517812,0.6574823509596123,5
284,0,0.8911348947073237,0.8828282972236629,5
837,1,0.8683760936093259,0.8544542830416879,2
223,1,0.958162450706486,0.9464634450755686,4
392,0,0.8995208728144024,0.8913023418876388,5
655,1,0.21621096475386137,0.23871106823936586,5
847,1,0.9970981776469182,0.9950442089869792,4
460,1,0.8700099988752749,0.8640599477584795,3
478,1,0.9232589911372849,0.913059525283658,1
96,1,0.9389096782509172,0.9320017421879899,5
213,1,0.8760059795730778,0.8639800689452484,1
252,1,0.515591050832391,0.5226018496797455,2
118,1,0.7430031271352644,0.7408795255411009,3
823,1,0.5559008901030928,0.5722478716625253,5
307,0,0.06365695131975248,0.07820847525877905,1
760,0,0.0698218975606671,0.0798823818455184,5
824,0,0.42645867491057615,0.43460599181491927,1
232,1,0.9161396136489569,0.90955308313988,3
752,0,0.8086276944803198,0.7936773338421111,2
57,0,0.13287120175238482,0.14648135399190654,5
582,0,0.06566123715582059,0.07342589493879102,5
687,1,0.9634681824564805,0.9542121305759057,2
671,0,0.28793680246584985,0.3044914828680337,1
614,1,0.8968633585995428,0.884642016771474,1
383,1,0.9133551480400748,0.901858093780326,1
153,1,0.9651872887368995,0.9545731630888096,4
538,0,0.03883361136883003,0.05244239827027201,2
605,0,0.4682924340833438,0.47750006654098226,1
813,1,0.7474054142455173,0.7420776753549255,3
275,0,0.34154787598954905,0.3725101907201349,4
342,0,0.0894817001837094,0.13405462822452846,4
753,1,0.9271193345440737,0.9205804724639691,3
534,0,0.38206546337377323,0.3837115082928793,5
772,1,0.9524576217807369,0.9431940650129027,1
214,1,0.7615875401665199,0.743162979910163,4
207,1,0.938860277368531,0.9273888155401059,2
607,1,0.9037696958361798,0.8871168870193449,4
285,1,0.5213506651179144,0.5342286379442668,3
858,0,0.7270490275948358,0.7215100408601952,2
337,1,0.5334271233416941,0.5436520158549858,5
260,0,0.32422579287166153,0.3366197532316358,1
500,1,0.8792473694080465,0.8616701255447281,4
300,0,0.08377423462334806,0.08520430879710245,5
712,1,0.5034682328158371,0.5204523855700607,5
455,1,0.9405271887403066,0.9251926947788086,4
322,1,0.9100340813529864,0.9034336632537188,3
817,1,0.3395604093103171,0.3531713282036369,4
269,0,0.19698086595776798,0.20192287656914887,5
686,1,0.7305095925225834,0.7018153601669779,2
108,0,0.940575461225793,0.9252734569649617,4
778,0,0.17432506491880406,0.2031965746420142,2
151,1,0.8598238490677115,0.8396500310753358,2
852,1,0.9847674036790885,0.9785751624555995,2
709,0,0.05363733737830554,0.06261178025556448,3
259,0,0.04328808484796019,0.04448515052870599,3
125,1,0.7329375708670053,0.7265048472918852,5
368,0,0.3233544175396362,0.3462802782141307,2
219,0,0.035395452534869636,0.04183730823000564,5
667,1,0.6668945803396465,0.6595911405408973,2
441,0,0.3486161492238257,0.36286833618460274,2
560,0,0.5624919989490976,0.5562728955630135,4
119,1,0.28249248607897043,0.2690910147461663,5
845,1,0.8522356642312553,0.8403713822208334,1
561,1,0.8755879002264673,0.8633749826137906,4
638,1,0.7731615515690846,0.7688092232366536,3
589,1,0.8732869793112322,0.8594015684589285,2
549,1,0.9550782114038355,0.9490308312912926,5
334,1,0.9001936151639144,0.8903027654174398,1
245,1,0.8822812623979092,0.8724830004757159,3
206,1,0.2148033126995975,0.23577152561031747,1
271,1,0.5649722586094525,0.5838190588239888,2
354,1,0.9161040487642331,0.9002137544072465,4
779,1,0.8755921749525737,0.8633804859591151,4
426,1,0.9388909519290607,0.9320149918187576,5
565,1,0.4293310438871638,0.4518213246369906,2
