c_FN/c_FP,t*,t_min,q(t_min),t_op,q(t_op)
1.0,0.5,0.42,0.699438202247191,0.71,0.49859550561797755
1.5,0.4,0.38,0.7345505617977528,0.71,0.49859550561797755
2.0,0.3333333333333333,0.21,0.8286516853932584,0.71,0.49859550561797755
3.0,0.25,0.21,0.8286516853932584,0.71,0.49859550561797755
4.0,0.2,0.21,0.8286516853932584,0.71,0.49859550561797755
5.0,0.16666666666666666,0.19,0.8455056179775281,0.71,0.49859550561797755
6.0,0.14285714285714285,0.19,0.8455056179775281,0.71,0.49859550561797755
8.0,0.1111111111111111,0.19,0.8455056179775281,0.71,0.49859550561797755
10.0,0.09090909090909091,0.19,0.8455056179775281,0.71,0.49859550561797755
12.0,0.07692307692307693,0.19,0.8455056179775281,0.71,0.49859550561797755
15.0,0.0625,0.19,0.8455056179775281,0.71,0.49859550561797755
20.0,0.047619047619047616,0.19,0.8455056179775281,0.71,0.49859550561797755
25.0,0.038461538461538464,0.07,0.9452247191011236,0.71,0.49859550561797755
30.0,0.03225806451612903,0.07,0.9452247191011236,0.71,0.49859550561797755
