threshold,tn,fp,fn,tp,precision,recall,f1,alert_rate,actions_per_1000,cost_per_object,cost_Симетричний,cost_Реалістичний,cost_Стресовий
0.01,0,273,0,439,0.6165730337078652,1.0,0.7628149435273676,1.0,1000.0,0.38342696629213485,0.38342696629213485,0.38342696629213485,0.38342696629213485
0.02,0,273,0,439,0.6165730337078652,1.0,0.7628149435273676,1.0,1000.0,0.38342696629213485,0.38342696629213485,0.38342696629213485,0.38342696629213485
0.03,6,267,0,439,0.6218130311614731,1.0,0.7668122270742358,0.9915730337078652,991.5730337078652,0.375,0.375,0.375,0.375
0.04,15,258,0,439,0.629842180774749,1.0,0.772887323943662,0.9789325842696629,978.9325842696629,0.36235955056179775,0.36235955056179775,0.36235955056179775,0.36235955056179775
0.05,21,252,0,439,0.6353111432706223,1.0,0.7769911504424779,0.9705056179775281,970.5056179775281,0.3539325842696629,0.3539325842696629,0.3539325842696629,0.3539325842696629
0.06,32,241,0,439,0.6455882352941177,1.0,0.7846291331546024,0.9550561797752809,955.056179775281,0.33848314606741575,0.33848314606741575,0.33848314606741575,0.33848314606741575
0.07,39,234,0,439,0.6523031203566122,1.0,0.789568345323741,0.9452247191011236,945.2247191011236,0.32865168539325845,0.32865168539325845,0.32865168539325845,0.32865168539325845
0.08,44,229,1,438,0.656671664167916,0.9977220956719818,0.7920433996383364,0.9367977528089888,936.7977528089888,0.32303370786516855,0.32303370786516855,0.32865168539325845,0.3497191011235955
0.09,51,222,2,437,0.6631259484066768,0.9954441913439636,0.7959927140255009,0.925561797752809,925.561797752809,0.3146067415730337,0.3146067415730337,0.3258426966292135,0.36797752808988765
0.1,60,213,2,437,0.6723076923076923,0.9954441913439636,0.8025711662075299,0.9129213483146067,912.9213483146067,0.30196629213483145,0.30196629213483145,0.31320224719101125,0.3553370786516854
0.11,68,205,3,436,0.6801872074882995,0.9931662870159453,0.8074074074074075,0.9002808988764045,900.2808988764045,0.29213483146067415,0.29213483146067415,0.3089887640449438,0.37219101123595505
0.12,70,203,3,436,0.6823161189358372,0.9931662870159453,0.8089053803339518,0.8974719101123596,897.4719101123595,0.2893258426966292,0.2893258426966292,0.3061797752808989,0.3693820224719101
0.13,76,197,3,436,0.688783570300158,0.9931662870159453,0.8134328358208955,0.8890449438202247,889.0449438202247,0.2808988764044944,0.2808988764044944,0.29775280898876405,0.3609550561797753
0.14,81,192,3,436,0.6942675159235668,0.9931662870159453,0.817244611059044,0.8820224719101124,882.0224719101124,0.273876404494382,0.273876404494382,0.2907303370786517,0.3539325842696629
0.15,90,183,3,436,0.7043618739903069,0.9931662870159453,0.8241965973534972,0.8693820224719101,869.3820224719101,0.2612359550561798,0.2612359550561798,0.27808988764044945,0.34129213483146065
0.16,93,180,3,436,0.7077922077922078,0.9931662870159453,0.8265402843601896,0.8651685393258427,865.1685393258427,0.25702247191011235,0.25702247191011235,0.273876404494382,0.33707865168539325
0.17,95,178,3,436,0.7100977198697068,0.9931662870159453,0.8281101614434948,0.8623595505617978,862.3595505617977,0.2542134831460674,0.2542134831460674,0.2710674157303371,0.3342696629213483
0.18,100,173,3,436,0.715927750410509,0.9931662870159453,0.8320610687022901,0.8553370786516854,855.3370786516854,0.24719101123595505,0.24719101123595505,0.2640449438202247,0.32724719101123595
0.19,107,166,3,436,0.7242524916943521,0.9931662870159453,0.8376560999039385,0.8455056179775281,845.5056179775281,0.23735955056179775,0.23735955056179775,0.2542134831460674,0.31741573033707865
0.2,110,163,5,434,0.7269681742043551,0.9886104783599089,0.8378378378378378,0.8384831460674157,838.4831460674158,0.23595505617977527,0.23595505617977527,0.2640449438202247,0.3693820224719101
0.21,117,156,5,434,0.735593220338983,0.9886104783599089,0.8435374149659864,0.8286516853932584,828.6516853932584,0.22612359550561797,0.22612359550561797,0.2542134831460674,0.3595505617977528
0.22,118,155,8,431,0.735494880546075,0.9817767653758542,0.8409756097560975,0.8230337078651685,823.0337078651686,0.22893258426966293,0.22893258426966293,0.273876404494382,0.44241573033707865
0.23,122,151,8,431,0.7405498281786942,0.9817767653758542,0.8442703232125367,0.8174157303370787,817.4157303370787,0.22331460674157302,0.22331460674157302,0.26825842696629215,0.43679775280898875
0.24,125,148,10,429,0.7435008665511266,0.9772209567198178,0.844488188976378,0.8103932584269663,810.3932584269663,0.22191011235955055,0.22191011235955055,0.27808988764044945,0.4887640449438202
0.25,127,146,10,429,0.7460869565217392,0.9772209567198178,0.8461538461538461,0.8075842696629213,807.5842696629213,0.21910112359550563,0.21910112359550563,0.2752808988764045,0.4859550561797753
0.26,131,142,12,427,0.7504393673110721,0.9726651480637813,0.8472222222222222,0.7991573033707865,799.1573033707865,0.21629213483146068,0.21629213483146068,0.28370786516853935,0.5365168539325843
0.27,132,141,14,425,0.7508833922261484,0.9681093394077449,0.845771144278607,0.7949438202247191,794.943820224719,0.21769662921348315,0.21769662921348315,0.29634831460674155,0.5912921348314607
0.28,136,137,16,423,0.7553571428571428,0.9635535307517085,0.8468468468468469,0.7865168539325843,786.5168539325842,0.2148876404494382,0.2148876404494382,0.3047752808988764,0.6418539325842697
0.29,138,135,17,422,0.7576301615798923,0.9612756264236902,0.8473895582329317,0.7823033707865169,782.3033707865169,0.21348314606741572,0.21348314606741572,0.3089887640449438,0.6671348314606742
0.3,138,135,17,422,0.7576301615798923,0.9612756264236902,0.8473895582329317,0.7823033707865169,782.3033707865169,0.21348314606741572,0.21348314606741572,0.3089887640449438,0.6671348314606742
0.31,138,135,17,422,0.7576301615798923,0.9612756264236902,0.8473895582329317,0.7823033707865169,782.3033707865169,0.21348314606741572,0.21348314606741572,0.3089887640449438,0.6671348314606742
0.32,138,135,17,422,0.7576301615798923,0.9612756264236902,0.8473895582329317,0.7823033707865169,782.3033707865169,0.21348314606741572,0.21348314606741572,0.3089887640449438,0.6671348314606742
0.33,143,130,19,420,0.7636363636363637,0.9567198177676538,0.8493427704752275,0.7724719101123596,772.4719101123595,0.20926966292134833,0.20926966292134833,0.3160112359550562,0.7162921348314607
0.34,147,126,22,417,0.7679558011049724,0.9498861047835991,0.8492871690427699,0.7626404494382022,762.6404494382023,0.20786516853932585,0.20786516853932585,0.33146067415730335,0.7949438202247191
0.35,150,123,25,414,0.770949720670391,0.9430523917995444,0.8483606557377049,0.7542134831460674,754.2134831460675,0.20786516853932585,0.20786516853932585,0.34831460674157305,0.875
0.36,156,117,27,412,0.77882797731569,0.9384965831435079,0.8512396694214877,0.7429775280898876,742.9775280898876,0.20224719101123595,0.20224719101123595,0.3539325842696629,0.922752808988764
0.37,157,116,29,410,0.779467680608365,0.9339407744874715,0.8497409326424871,0.7387640449438202,738.7640449438202,0.20365168539325842,0.20365168539325842,0.36657303370786515,0.9775280898876404
0.38,160,113,29,410,0.7839388145315488,0.9339407744874715,0.8523908523908524,0.7345505617977528,734.5505617977528,0.199438202247191,0.199438202247191,0.36235955056179775,0.973314606741573
0.39,162,111,31,408,0.7861271676300579,0.929384965831435,0.8517745302713987,0.7289325842696629,728.9325842696629,0.199438202247191,0.199438202247191,0.37359550561797755,1.026685393258427
0.4,167,106,34,405,0.7925636007827789,0.9225512528473804,0.8526315789473684,0.7176966292134831,717.6966292134831,0.19662921348314608,0.19662921348314608,0.38764044943820225,1.103932584269663
0.41,169,104,38,401,0.7940594059405941,0.9134396355353075,0.8495762711864406,0.7092696629213483,709.2696629213483,0.199438202247191,0.199438202247191,0.41292134831460675,1.2134831460674158
0.42,174,99,40,399,0.8012048192771084,0.908883826879271,0.8516542155816436,0.699438202247191,699.438202247191,0.1952247191011236,0.1952247191011236,0.4199438202247191,1.2626404494382022
0.43,176,97,42,397,0.8036437246963563,0.9043280182232346,0.8510182207931404,0.6938202247191011,693.8202247191011,0.1952247191011236,0.1952247191011236,0.4311797752808989,1.3160112359550562
0.44,178,95,45,394,0.8057259713701431,0.89749430523918,0.8491379310344828,0.6867977528089888,686.7977528089888,0.19662921348314608,0.19662921348314608,0.449438202247191,1.3974719101123596
0.45,178,95,48,391,0.8045267489711934,0.8906605922551253,0.8454054054054054,0.6825842696629213,682.5842696629213,0.20084269662921347,0.20084269662921347,0.4705056179775281,1.4817415730337078
0.46,182,91,48,391,0.8112033195020747,0.8906605922551253,0.8490770901194354,0.6769662921348315,676.9662921348314,0.1952247191011236,0.1952247191011236,0.4648876404494382,1.476123595505618
0.47,184,89,50,389,0.8138075313807531,0.8861047835990888,0.8484187568157033,0.6713483146067416,671.3483146067416,0.1952247191011236,0.1952247191011236,0.476123595505618,1.529494382022472
0.48,185,88,52,387,0.8147368421052632,0.8815489749430524,0.8468271334792122,0.6671348314606742,667.1348314606741,0.19662921348314608,0.19662921348314608,0.4887640449438202,1.5842696629213484
0.49,186,87,54,385,0.815677966101695,0.876993166287016,0.845225027442371,0.6629213483146067,662.9213483146067,0.19803370786516855,0.19803370786516855,0.5014044943820225,1.6390449438202248
0.5,189,84,55,384,0.8205128205128205,0.8747152619589977,0.8467475192943771,0.6573033707865169,657.3033707865169,0.1952247191011236,0.1952247191011236,0.5042134831460674,1.6629213483146068
0.51,191,82,58,381,0.8228941684665226,0.8678815489749431,0.844789356984479,0.6502808988764045,650.2808988764045,0.19662921348314608,0.19662921348314608,0.5224719101123596,1.7443820224719102
0.52,193,80,65,374,0.8237885462555066,0.8519362186788155,0.8376259798432251,0.6376404494382022,637.6404494382023,0.20365168539325842,0.20365168539325842,0.5688202247191011,1.9382022471910112
0.53,193,80,69,370,0.8222222222222222,0.8428246013667426,0.8323959505061868,0.6320224719101124,632.0224719101124,0.20926966292134833,0.20926966292134833,0.5969101123595506,2.050561797752809
0.54,194,79,71,368,0.8232662192393736,0.8382687927107062,0.8306997742663657,0.6278089887640449,627.8089887640449,0.21067415730337077,0.21067415730337077,0.6095505617977528,2.105337078651685
0.55,197,76,73,366,0.8280542986425339,0.8337129840546698,0.8308740068104427,0.6207865168539326,620.7865168539325,0.20926966292134833,0.20926966292134833,0.6193820224719101,2.157303370786517
0.56,197,76,76,363,0.826879271070615,0.826879271070615,0.826879271070615,0.6165730337078652,616.5730337078652,0.21348314606741572,0.21348314606741572,0.6404494382022472,2.241573033707865
0.57,199,74,79,360,0.8294930875576036,0.8200455580865603,0.8247422680412371,0.6095505617977528,609.5505617977528,0.2148876404494382,0.2148876404494382,0.6587078651685393,2.3230337078651684
0.58,200,73,82,357,0.8302325581395349,0.8132118451025057,0.8216340621403913,0.6039325842696629,603.9325842696629,0.21769662921348315,0.21769662921348315,0.6783707865168539,2.4058988764044944
0.59,203,70,85,354,0.8349056603773585,0.806378132118451,0.8203939745075318,0.5955056179775281,595.5056179775281,0.21769662921348315,0.21769662921348315,0.6952247191011236,2.485955056179775
0.6,209,64,86,353,0.8465227817745803,0.8041002277904328,0.8247663551401869,0.5856741573033708,585.6741573033707,0.21067415730337077,0.21067415730337077,0.6938202247191011,2.50561797752809
0.61,212,61,91,348,0.8508557457212714,0.7927107061503417,0.8207547169811321,0.574438202247191,574.438202247191,0.21348314606741572,0.21348314606741572,0.7247191011235955,2.6418539325842696
0.62,212,61,99,340,0.8478802992518704,0.7744874715261959,0.8095238095238095,0.5632022471910112,563.2022471910112,0.2247191011235955,0.2247191011235955,0.7808988764044944,2.866573033707865
0.63,214,59,102,337,0.851010101010101,0.7676537585421412,0.807185628742515,0.5561797752808989,556.1797752808989,0.22612359550561797,0.22612359550561797,0.7991573033707865,2.9480337078651684
0.64,214,59,102,337,0.851010101010101,0.7676537585421412,0.807185628742515,0.5561797752808989,556.1797752808989,0.22612359550561797,0.22612359550561797,0.7991573033707865,2.9480337078651684
0.65,218,55,104,335,0.8589743589743589,0.7630979498861048,0.8082026537997588,0.547752808988764,547.7528089887641,0.22331460674157302,0.22331460674157302,0.8075842696629213,2.9985955056179776
0.66,219,54,113,326,0.8578947368421053,0.7425968109339408,0.796092796092796,0.5337078651685393,533.7078651685393,0.2345505617977528,0.2345505617977528,0.8693820224719101,3.25
0.67,221,52,115,324,0.8617021276595744,0.7380410022779044,0.7950920245398773,0.5280898876404494,528.0898876404494,0.2345505617977528,0.2345505617977528,0.8806179775280899,3.303370786516854
0.68,222,51,120,319,0.8621621621621621,0.7266514806378133,0.788627935723115,0.5196629213483146,519.6629213483146,0.2401685393258427,0.2401685393258427,0.9143258426966292,3.442415730337079
0.69,223,50,125,314,0.8626373626373627,0.715261958997722,0.7820672478206725,0.5112359550561798,511.23595505617976,0.24578651685393257,0.24578651685393257,0.9480337078651685,3.581460674157303
0.7,224,49,129,310,0.8635097493036211,0.7061503416856492,0.7769423558897243,0.5042134831460674,504.2134831460674,0.25,0.25,0.9747191011235955,3.692415730337079
0.71,225,48,132,307,0.8647887323943662,0.6993166287015945,0.7732997481108312,0.49859550561797755,498.59550561797755,0.25280898876404495,0.25280898876404495,0.9943820224719101,3.7752808988764044
0.72,227,46,136,303,0.8681948424068768,0.6902050113895216,0.7690355329949239,0.4901685393258427,490.1685393258427,0.2556179775280899,0.2556179775280899,1.0196629213483146,3.884831460674157
0.73,228,45,139,300,0.8695652173913043,0.683371298405467,0.7653061224489796,0.4845505617977528,484.55056179775283,0.25842696629213485,0.25842696629213485,1.0393258426966292,3.967696629213483
0.74,229,44,144,295,0.8702064896755162,0.6719817767653758,0.7583547557840618,0.476123595505618,476.12359550561797,0.2640449438202247,0.2640449438202247,1.0730337078651686,4.106741573033708
0.75,230,43,151,288,0.8700906344410876,0.6560364464692483,0.7480519480519481,0.4648876404494382,464.8876404494382,0.27247191011235955,0.27247191011235955,1.1207865168539326,4.301966292134831
0.76,230,43,155,284,0.8685015290519877,0.6469248291571754,0.741514360313316,0.4592696629213483,459.2696629213483,0.27808988764044945,0.27808988764044945,1.148876404494382,4.41432584269663
0.77,231,42,159,280,0.8695652173913043,0.6378132118451025,0.735873850197109,0.45224719101123595,452.24719101123594,0.28230337078651685,0.28230337078651685,1.175561797752809,4.525280898876405
0.78,232,41,163,276,0.8706624605678234,0.6287015945330297,0.7301587301587301,0.4452247191011236,445.2247191011236,0.28651685393258425,0.28651685393258425,1.202247191011236,4.63623595505618
0.79,232,41,169,270,0.8681672025723473,0.6150341685649203,0.72,0.43679775280898875,436.7977528089888,0.2949438202247191,0.2949438202247191,1.2443820224719102,4.804775280898877
0.8,233,40,173,266,0.869281045751634,0.6059225512528473,0.7140939597315437,0.4297752808988764,429.7752808988764,0.2991573033707865,0.2991573033707865,1.271067415730337,4.915730337078652
0.81,236,37,175,264,0.8770764119601329,0.6013667425968109,0.7135135135135136,0.42275280898876405,422.75280898876406,0.29775280898876405,0.29775280898876405,1.2808988764044944,4.967696629213483
0.82,236,37,178,261,0.8758389261744967,0.5945330296127562,0.7082767978290366,0.41853932584269665,418.53932584269666,0.30196629213483145,0.30196629213483145,1.3019662921348314,5.051966292134831
0.83,237,36,183,256,0.8767123287671232,0.5831435079726651,0.7004103967168263,0.4101123595505618,410.1123595505618,0.30758426966292135,0.30758426966292135,1.3356741573033708,5.191011235955056
0.84,239,34,191,248,0.8794326241134752,0.5649202733485194,0.6879334257975035,0.3960674157303371,396.0674157303371,0.3160112359550562,0.3160112359550562,1.3890449438202248,5.412921348314606
0.85,243,30,194,245,0.8909090909090909,0.5580865603644647,0.6862745098039216,0.3862359550561798,386.23595505617976,0.3146067415730337,0.3146067415730337,1.404494382022472,5.491573033707865
0.86,247,26,207,232,0.8992248062015504,0.5284738041002278,0.6657101865136298,0.36235955056179775,362.35955056179773,0.32724719101123595,0.32724719101123595,1.4901685393258426,5.851123595505618
0.87,247,26,223,216,0.8925619834710744,0.4920273348519362,0.6343612334801763,0.3398876404494382,339.8876404494382,0.3497191011235955,0.3497191011235955,1.6025280898876404,6.300561797752809
0.88,248,25,245,194,0.8858447488584474,0.4419134396355353,0.5896656534954408,0.30758426966292135,307.5842696629214,0.3792134831460674,0.3792134831460674,1.7556179775280898,6.917134831460674
0.89,251,22,274,165,0.8823529411764706,0.37585421412300685,0.5271565495207667,0.26264044943820225,262.64044943820227,0.4157303370786517,0.4157303370786517,1.9550561797752808,7.727528089887641
0.9,255,18,291,148,0.891566265060241,0.33712984054669703,0.48925619834710743,0.23314606741573032,233.14606741573033,0.4339887640449438,0.4339887640449438,2.068820224719101,8.19943820224719
0.91,257,16,305,134,0.8933333333333333,0.3052391799544419,0.45500848896434637,0.21067415730337077,210.67415730337078,0.4508426966292135,0.4508426966292135,2.164325842696629,8.589887640449438
0.92,263,10,339,100,0.9090909090909091,0.22779043280182232,0.36429872495446264,0.1544943820224719,154.4943820224719,0.4901685393258427,0.4901685393258427,2.394662921348315,9.536516853932584
0.93,265,8,364,75,0.9036144578313253,0.17084282460136674,0.28735632183908044,0.11657303370786516,116.57303370786516,0.5224719101123596,0.5224719101123596,2.567415730337079,10.235955056179776
0.94,270,3,389,50,0.9433962264150944,0.11389521640091116,0.2032520325203252,0.07443820224719101,74.43820224719101,0.550561797752809,0.550561797752809,2.735955056179775,10.9311797752809
0.95,272,1,405,34,0.9714285714285714,0.0774487471526196,0.14345991561181434,0.04915730337078652,49.157303370786515,0.5702247191011236,0.5702247191011236,2.845505617977528,11.377808988764045
0.96,273,0,418,21,1.0,0.04783599088838269,0.09130434782608696,0.02949438202247191,29.49438202247191,0.5870786516853933,0.5870786516853933,2.9353932584269664,11.741573033707866
0.97,273,0,431,8,1.0,0.018223234624145785,0.035794183445190156,0.011235955056179775,11.235955056179776,0.6053370786516854,0.6053370786516854,3.026685393258427,12.106741573033707
0.98,273,0,434,5,1.0,0.011389521640091117,0.02252252252252252,0.007022471910112359,7.022471910112359,0.6095505617977528,0.6095505617977528,3.047752808988764,12.191011235955056
0.99,273,0,435,4,1.0,0.009111617312072893,0.01805869074492099,0.0056179775280898875,5.617977528089888,0.6109550561797753,0.6109550561797753,3.0547752808988764,12.219101123595506
