Модель,fold,RMSE
Baseline (mean),1,183.92508381576275
Baseline (mean),2,155.02255709251915
Baseline (mean),3,119.54737696633957
Baseline (mean),4,196.3575071446216
Baseline (mean),5,247.5537012481284
Baseline (median),1,194.55840462356716
Baseline (median),2,171.98539047267352
Baseline (median),3,120.27732664252547
Baseline (median),4,209.75649610072225
Baseline (median),5,268.3674697773559
Linear Regression,1,117.4626641909714
Linear Regression,2,90.99660776456729
Linear Regression,3,82.76344095381265
Linear Regression,4,116.50898034431432
Linear Regression,5,136.0761608600497
Ridge (alpha=1),1,117.63740347381382
Ridge (alpha=1),2,91.13005388167745
Ridge (alpha=1),3,82.61909508694526
Ridge (alpha=1),4,116.60583602429833
Ridge (alpha=1),5,136.172556010809
Decision Tree,1,132.85100590097957
Decision Tree,2,90.39609135215929
Decision Tree,3,78.67025939880357
Decision Tree,4,122.23664165861025
Decision Tree,5,111.1515069108283
Random Forest,1,123.30573672890227
Random Forest,2,75.09674994594403
Random Forest,3,73.1245761820734
Random Forest,4,115.49160609061987
Random Forest,5,85.62546116326709
