Модель,alpha,||w||₂,Ненульових
Ridge,0.01,3738.648965381006,251
Ridge,0.03162277660168379,2246.034544287568,251
Ridge,0.1,1337.40052282549,251
Ridge,0.31622776601683794,782.1909796334226,251
Ridge,1.0,456.58441728775716,251
Ridge,3.1622776601683795,280.5428496809509,251
Ridge,10.0,185.92266947473843,251
Ridge,31.622776601683793,131.96647514701525,251
Ridge,100.0,92.91203407344054,251
Ridge,316.2277660168379,67.78112041106188,251
Ridge,1000.0,52.67881261326936,251
Ridge,3162.2776601683795,39.42006445079709,251
Ridge,10000.0,27.641208922887316,251
Lasso,0.03162277660168379,226.23367925979522,60
Lasso,0.1,158.33434959374551,58
Lasso,0.31622776601683794,117.36717422416048,42
Lasso,1.0,60.55628761313365,36
Lasso,3.1622776601683795,55.54280972049432,35
Lasso,10.0,48.05025132301865,22
Lasso,31.622776601683793,32.15982533402621,10
