d,fold,CV RMSE,Train RMSE
1,1,117.46266419097142,41.085237616202804
1,2,90.99660776456727,70.98169995347976
1,3,82.76344095381268,75.66250648185301
1,4,116.50898034431432,74.87926945867294
1,5,136.07616086004973,83.08767862651307
2,1,105.74629870924693,39.955523960250225
2,2,94.25772943941391,68.62336681724314
2,3,84.03352017770209,73.91123661306239
2,4,113.30758114425187,73.5304849980991
2,5,147.14287571943748,81.15139729472621
3,1,115.21780232239556,39.26510852802715
3,2,91.03831111842416,66.88134785242195
3,3,84.63987806901378,71.69219603133428
3,4,115.20179982205138,71.69970202873446
3,5,141.47930987724075,79.41388390207827
4,1,268.38220619141794,38.46300147950657
4,2,96.25620050275624,66.07238954870058
4,3,85.68508064850302,71.14020621188608
4,4,151.38429953152354,71.27856990904668
4,5,193.12419079224364,78.80501818518036
5,1,604.8424092310183,37.51593069187971
5,2,141.0144431561353,65.3759708513831
5,3,85.6882364317363,70.70988744140902
5,4,242.07698159424027,70.76925454199676
5,5,227.1937492436653,78.30752890651954
6,1,3677.174947551475,36.291726829208095
6,2,1312.6379564594406,64.42916200510321
6,3,89.60917132061674,70.02316526317856
6,4,5796.043984426966,69.99509411757765
6,5,810.5117054424232,77.36069009113781
8,1,499489.52992032096,32.80352807281475
8,2,11346.032540336828,61.63694652888256
8,3,4183.1686993608555,68.2399101280861
8,4,501683.91815307573,67.81004400777749
8,5,12773.726016529372,74.83078175491039
