Модель,d,Ознак,Гіперпараметри,Train RMSE,CV RMSE,CV SE,G,||w||₂,Ненульових,"Час CV, с",≤ RMSE_min + SE
OLS d=1,1,60,—,69.13927842734432,108.76157082274308,9.678106421567737,39.62229239539876,,5,0.24080436200028998,True
OLS d=2,2,75,—,67.43440193667621,108.89760103801045,10.78106679279436,41.46319910133424,,20,0.32998135499974524,True
OLS d=3,3,110,—,65.79044766851922,109.51542024182513,10.116171397069245,43.724972573305905,,55,0.7012509400001363,True
OLS d=4,4,180,—,65.15183706686405,158.9663955332889,33.54011214256653,93.81455846642486,,125,0.7736798280002404,False
OLS d=5,5,306,—,64.53571448663763,260.16316393135907,90.7898101179571,195.62744944472144,15602671.789355963,251,1.1630688959999134,False
OLS d=6,6,516,—,63.61996766124106,2337.195553040184,1053.3589993810306,2273.5755853789433,,461,2.0454955530003645,False
OLS d=8,8,1341,—,61.064242098494255,205895.27506592474,120316.58700948098,205834.21082382626,,1286,8.52906683099991,False
Ridge d=5,5,306,alpha=31.6,66.6358000167834,119.52803750645884,15.940378534852734,52.89223748967544,131.96647514701525,251,,False
Lasso d=5,5,306,alpha=0.1,65.92920296404463,111.35509303951805,12.739832133556158,45.42589007547342,158.33434959374551,58,,True
ElasticNet d=5,5,306,"alpha=0.0316, l1_ratio=0.8",66.98067018358907,118.75519470990146,15.668250113670176,51.77452452631239,89.15366473436498,165,,False
