d,n_train,Train RMSE,CV RMSE (mean),CV RMSE (median)
1,500,80.18103547428029,111.8260259688354,115.30700658448013
1,1000,79.31229947864237,112.66176829224786,122.28261317162875
1,2000,80.4592378344092,110.60852920223202,120.31609484777279
1,4000,80.99365562991038,119.90373582131285,111.51299917846427
1,6952,79.73278961698138,109.4545489620521,114.15000146045986
5,500,62.45831793795541,27879.63518488438,6392.57255284885
5,1000,69.59467117659382,16712.364842892966,5852.861563635011
5,2000,74.74379311122858,2819.3482721569035,1219.0147922919841
5,4000,76.36701329772218,820.5726526945064,678.8790939552595
5,6952,75.32643983326976,202.0684213226689,243.11749888999077
