Модель,d,alpha,l1_ratio,Train RMSE,CV RMSE,CV std,CV SE,G,ConvergenceWarning
OLS,5,,,64.53571448654907,260.1623021055426,203.01185535966775,90.78966176451442,195.62658761899354,0
Ridge,5,0.01,,65.00045359550691,167.543807951392,77.37879067674719,34.60484719398673,102.5433543558851,0
Ridge,5,0.03162277660168379,,65.07507936847188,162.25137625678622,73.92381151036062,33.05973353860955,97.17629688831434,0
Ridge,5,0.1,,65.16417531931924,156.18418893595688,65.88304296940758,29.46379252882699,91.02001361663764,0
Ridge,5,0.31622776601683794,,65.25653542595728,147.87171534014067,56.67358551540552,25.34519794821884,82.61517991418339,0
Ridge,5,1.0,,65.34926478723804,138.67575800311167,49.65109237921074,22.204643543407393,73.32649321587363,0
Ridge,5,3.1622776601683795,,65.45792992886902,130.10480430626504,43.53067791796436,19.467510986243465,64.64687437739602,0
Ridge,5,10.0,,65.69037108508145,123.07238193465442,38.58312526157201,17.254898173852872,57.382010849572964,0
Ridge,5,31.622776601683793,,66.6358000167834,119.52803750645884,35.643769991009215,15.940378534852734,52.89223748967544,0
Ridge,5,100.0,,70.20555992121147,122.41402961634631,35.43356690699718,15.84637285786653,52.20846969513484,0
Ridge,5,316.2277660168379,,78.47021156761511,132.6286152357065,38.49574842142307,17.215822063006442,54.15840366809138,0
Ridge,5,1000.0,,88.89528878772511,144.81027599695648,44.37431597965416,19.844797397112377,55.91498720923137,0
Ridge,5,3162.2776601683795,,96.60761531116114,153.14541472969222,49.59356596263528,22.178916947814457,56.53779941853108,0
Ridge,5,10000.0,,101.26916160367587,157.78243822885798,52.659603564014645,23.55009064746539,56.513276625182115,0
Lasso,5,0.03162277660168379,,65.61236707280894,116.79204417400842,32.318504975265924,14.453274811171953,51.17967710119949,0
Lasso,5,0.1,,65.92920296404463,111.35509303951805,28.48713067256775,12.739832133556158,45.42589007547342,0
Lasso,5,0.31622776601683794,,67.06385842240165,113.00084946042958,33.707448527249916,15.074429251001197,45.93699103802793,0
Lasso,5,1.0,,71.83866177908031,123.79773107748156,42.84963958287888,19.16294138373658,51.959069298401246,0
Lasso,5,3.1622776601683795,,88.9154814526371,146.29119663735202,47.90615058365411,21.424281849078362,57.37571518471492,0
Lasso,5,10.0,,103.78104654051954,160.99557691475192,45.44182674486984,20.32220272465939,57.21453037423238,0
Lasso,5,31.622776601683793,,111.81094133112546,166.66588870343298,37.47547576988546,16.759542262122032,54.85494737230752,0
ElasticNet,5,0.03162277660168379,0.2,72.9639929378484,127.98923317012293,40.41936781735388,18.076090809434113,55.02524023227453,0
ElasticNet,5,0.1,0.2,83.70127735513769,140.4342739760597,46.055768309565856,20.596765739233966,56.73299662092201,0
ElasticNet,5,0.31622776601683794,0.2,93.57175421309742,150.66065017369357,50.553460742596236,22.608194943662436,57.08889596059615,0
ElasticNet,5,1.0,0.2,99.60018480230231,156.21590237135666,53.44243699394858,23.900184400343708,56.615717569054354,0
ElasticNet,5,3.1622776601683795,0.2,103.30347527635108,158.4559071938761,52.68283149627024,23.56047849456544,55.15243191752502,0
ElasticNet,5,10.0,0.2,106.32906474141214,157.37822811119972,44.30688051255071,19.814639339404824,51.04916336978758,0
ElasticNet,5,31.622776601683793,0.2,110.97250956995117,159.96472256404633,35.879320842549056,16.04572007809294,48.992212994095155,0
ElasticNet,5,0.03162277660168379,0.5,70.02136404028332,123.77335655124246,38.23540356592594,17.099392304109653,53.75199251095914,0
ElasticNet,5,0.1,0.5,79.24460381211586,134.84796083559473,43.527506458962165,19.46609266666011,55.60335702347888,0
ElasticNet,5,0.31622776601683794,0.5,90.46550943834185,146.9089975580163,48.787030497632436,21.818223322612305,56.44348811967444,0
ElasticNet,5,1.0,0.5,98.23555903285721,154.81745740457123,52.85876376567989,23.639157797332597,56.58189837171402,0
ElasticNet,5,3.1622776601683795,0.5,102.83481442456767,158.54098898276993,53.23179195037962,23.80598107303499,55.706174558202264,0
ElasticNet,5,10.0,0.5,106.30713136319494,158.83461789884316,44.03454091041663,19.692845366737412,52.52748653564822,0
ElasticNet,5,31.622776601683793,0.5,112.1124914942953,163.35986907657886,35.51209433176826,15.88149138984376,51.24737758228356,0
ElasticNet,5,0.03162277660168379,0.8,66.98067018358907,118.75519470990146,35.035272342635324,15.668250113670176,51.77452452631239,0
ElasticNet,5,0.1,0.8,71.86841676757089,124.91942430117665,38.93105074013538,17.410495178087242,53.051007533605755,0
ElasticNet,5,0.31622776601683794,0.8,82.73506935659643,137.5768860960228,44.85419476595781,20.059405714539384,54.84181673942638,0
ElasticNet,5,1.0,0.8,94.27702459842266,150.6285391463908,51.01407387083778,22.814187396877816,56.35151454796815,0
ElasticNet,5,3.1622776601683795,0.8,101.67837514728757,158.73225504400423,54.37346725350941,24.316553790241166,57.053879896716666,0
ElasticNet,5,10.0,0.8,105.66801590537656,161.9906955323416,46.0980244602554,20.615663264315824,56.32267962696503,0
ElasticNet,5,31.622776601683793,0.8,112.9218642580121,166.42950469405622,36.5346623253896,16.338797698914334,53.50764043604411,0
