Модель,n_splits,alpha,CV RMSE,||w||₂,Ненульових
Ridge,4,100.0,138.02580553112952,92.91203407344054,251
Lasso,4,0.1,127.0319634571474,158.33434959374551,58
ElasticNet,4,0.03162277660168379,134.57524401667902,89.15366473436498,165
Ridge,5,31.622776601683793,119.52803750645884,131.96647514701525,251
Lasso,5,0.1,111.35509303951805,158.33434959374551,58
ElasticNet,5,0.03162277660168379,118.75519470990146,89.15366473436498,165
Ridge,6,31.622776601683793,115.63824858423474,131.96647514701525,251
Lasso,6,0.1,109.64794391434059,158.33434959374551,58
ElasticNet,6,0.03162277660168379,115.5723636181687,89.15366473436498,165
Ridge,7,100.0,136.12081643284404,92.91203407344054,251
Lasso,7,0.31622776601683794,112.17575900740101,117.36717422416048,42
ElasticNet,7,0.1,123.82362822648982,63.38005515914457,155
Ridge,8,10.0,110.44620360674546,185.92266947473843,251
Lasso,8,0.1,104.60186481484612,158.33434959374551,58
ElasticNet,8,0.03162277660168379,109.58770630733136,89.15366473436498,165
